1739981636250002,0,0,0,0,0,0.99949,0,0,-0.0319216,0,0,0
1739981636349968,0,0,0,0,0,0.99949,0,0,-0.0319216,0,0,0
1739981636449964,0,0,0,0,0,0.99949,0,0,-0.0319216,0,0,0
1739981636549966,0,0,0,0,0,0.99949,0,0,-0.0319216,0,0,0
1739981636649914,0,0,0,0,0,0.99949,0,0,-0.0319216,0,0,0
1739981636749976,0,0,0,0,0,0.99949,0,0,-0.0319216,0,0,0
1739981636849965,0,0,0,0,0,0.99949,0,0,-0.0319216,0,0,0
1739981636950032,0,0,0,0,0,0.99949,0,0,-0.0319216,0,0,0
1739981637049966,0,0,0,0,0,0.99949,0,0,-0.0319216,0,0,0
1739981637149964,0,0,0,0,0,0.99949,0,0,-0.0319216,0,0,0
1739981637249967,0,0,0,0,0,0.99949,0,0,-0.0319216,0,0,0
1739981637349964,0,0,0,0,0,0.99949,0,0,-0.0319216,0,0,0
1739981637450013,0,0,0,0,0,0.99949,0,0,-0.0319216,0,0,0
1739981637549918,0,0,0,0,0,0.99949,0,0,-0.0319216,0,0,0
1739981637650025,0,0,0,0,0,0.99949,0,0,-0.0319216,0,0,0
1739981637749972,0,0,0,0,0,0.99949,0,0,-0.0319216,0,0,0
1739981637850024,0,0,0,0,0,0.99949,0,0,-0.0319216,0,0,0
1739981637949966,0,0,0,0,0,0.99949,0,0,-0.0319216,0,0,0
1739981638049918,0,0,0,0,0,0.99949,0,0,-0.0319216,0,0,0
1739981638150054,0,0,0,0,0,0.99949,0,0,-0.0319216,0,0,0
1739981638249919,0,0,0,0,0,0.99949,0,0,-0.0319216,0,0,0
1739981638369966,0,0,0,0,0,0.99949,0,0,-0.0319216,0,0,0
1739981638449919,0,0,0,0,0,0.99949,0,0,-0.0319216,0,0,0
1739981638549917,0,0,0,0,0,0.99949,0,0,-0.0319216,0,0,0
1739981638649964,0,0,0,0,0,0.99949,0,0,-0.0319216,0,0,0
1739981638749916,0,0,0,0,0,0.99949,0,0,-0.0319216,0,0,0
1739981638849912,0,0,0,0,0,0.99949,0,0,-0.0319216,0,0,0
1739981638949967,0,0,0,0,0,0.99949,0,0,-0.0319216,0,0,0
1739981639050022,0,0,0,0,0,0.99949,0,0,-0.0319216,0,0,0
1739981639149965,0,0,0,0,0,0.99949,0,0,-0.0319216,0,0,0
1739981639249915,0,0,0,0,0,0.99949,0,0,-0.0319216,0,0,0
1739981639349970,0,0,0,0,0,0.99949,0,0,-0.0319216,0,0,0
1739981639449965,0,0,0,0,0,0.99949,0,0,-0.0319216,0,0,0
1739981639550040,0,0,0,0,0,0.99949,0,0,-0.0319216,0,0,0
1739981639649966,0,0,0,0,0,0.99949,0,0,-0.0319216,0,0,0
1739981639750126,0,0,0,0,0,0.99949,0,0,-0.0319216,0,0,0
1739981639849963,0,0,0,0,0,0.99949,0,0,-0.0319216,0,0,0
1739981639949920,0,0,0,0,0,0.99949,0,0,-0.0319216,0,0,0
1739981640049921,0,0,0,0,0,0.99949,0,0,-0.0319216,0,0,0
1739981640149914,0,0,0,0,0,0.99949,0,0,-0.0319216,0,0,0
1739981640250016,0,0,0,0,0,0.99949,0,0,-0.0319216,0,0,0
1739981640349966,0,0,0,0,0,0.99949,0,0,-0.0319216,0,0,0
1739981640449919,0,0,0,0,0,0.99949,0,0,-0.0319216,0,0,0
1739981640549918,0,0,0,0,0,0.99949,0,0,-0.0319216,0,0,0
1739981640649918,0,0,0,0,0,0.99949,0,0,-0.0319216,0,0,0
1739981640750028,0,0,0,0,0,0.99949,0,0,-0.0319216,0,0,0
1739981640849913,0,0,0,0,0,0.99949,0,0,-0.0319216,0,0,0
1739981640950027,0,0,0,0,0,0.99949,0,0,-0.0319216,0,0,0
1739981641049918,0,0,0,0,0,0.99949,0,0,-0.0319216,0,0,0
1739981641150101,0,0,0,0,0,0.99949,0,0,-0.0319216,0,0,0
1739981641249918,0,0,0,0,0,0.99949,0,0,-0.0319216,0,0,0
1739981641349913,0,0,0,0,0,0.99949,0,0,-0.0319216,0,0,0
1739981641449916,0,0,0,0,0,0.99949,0,0,-0.0319216,0,0,0
1739981641549914,0,0,0,0,0,0.99949,0,0,-0.0319216,0,0,0
1739981641649913,0,0,0,0,0,0.99949,0,0,-0.0319216,0,0,0
1739981641749918,0,0,0,0,0,0.99949,0,0,-0.0319216,0,0,0
1739981641849915,0,0,0,0,0,0.99949,0,0,-0.0319216,0,0,0
1739981641949916,0,0,0,0,0,0.99949,0,0,-0.0319216,0,0,0
1739981642049916,0,0,0,0,0,0.99949,0,0,-0.0319216,0,0,0
1739981642149917,0,0,0,0,0,0.99949,0,0,-0.0319216,0,0,0
1739981642249915,0,0,0,0,0,0.99949,0,0,-0.0319216,0,0,0
1739981642349915,0,0,0,0,0,0.99949,0,0,-0.0319216,0,0,0
1739981642449916,0,0,0,0,0,0.99949,0,0,-0.0319216,0,0,0
1739981642549912,0,0,0,0,0,0.99949,0,0,-0.0319216,0,0,0
1739981642649911,0,0,0,0,0,0.99949,0,0,-0.0319216,0,0,0
1739981642749918,0,0,0,0,0,0.99949,0,0,-0.0319216,0,0,0
1739981642869919,0,0,0,0,0,0.99949,0,0,-0.0319216,0,0,0
1739981642949920,0,0,0,0,0,0.99949,0,0,-0.0319216,0,0,0
1739981643049912,0,0,0,0,0,0.99949,0,0,-0.0319216,0,0,0
1739981643149917,0,0,0,0,0,0.99949,0,0,-0.0319216,0,0,0
1739981643249915,0,0,0,0,0,0.99949,0,0,-0.0319216,0,0,0
1739981643349916,0,0,0,0,0,0.99949,0,0,-0.0319216,0,0,0
1739981643449913,0,0,0,0,0,0.99949,0,0,-0.0319216,0,0,0
1739981643549921,0,0,0,0,0,0.99949,0,0,-0.0319216,0,0,0
1739981643649910,0,0,0,0,0,0.99949,0,0,-0.0319216,0,0,0
1739981643749914,0,0,0,0,0,0.99949,0,0,-0.0319216,0,0,0
1739981643849913,0,0,0,0,0,0.99949,0,0,-0.0319216,0,0,0
1739981643949915,0,0,0,0,0,0.99949,0,0,-0.0319216,0,0,0
1739981644049915,0,0,0,0,0,0.99949,0,0,-0.0319216,0,0,0
1739981644149919,0,0,0,0,0,0.99949,0,0,-0.0319216,0,0,0
1739981644249919,0,0,0,0,0,0.99949,0,0,-0.0319216,0,0,0
1739981644349917,0,0,0,0,0,0.99949,0,0,-0.0319216,0,0,0
1739981644449922,0,0,0,0,0,0.99949,0,0,-0.0319216,0,0,0
1739981644549916,0,0,0,0,0,0.99949,0,0,-0.0319216,0,0,0
1739981644649915,0,0,0,0,0,0.99949,0,0,-0.0319216,0,0,0
1739981644749925,0,0,0,0,0,0.99949,0,0,-0.0319216,0,0,0
1739981644849915,0,0,0,0,0,0.99949,0,0,-0.0319216,0,0,0
1739981644949921,0,0,0,0,0,0.99949,0,0,-0.0319216,0,0,0
1739981645049921,0,0,0,0,0,0.99949,0,0,-0.0319216,0,0,0
1739981645149914,0,0,0,0,0,0.99949,0,0,-0.0319216,0,0,0
1739981645249916,0,0,0,0,0,0.99949,0,0,-0.0319216,0,0,0
1739981645349915,0,0,0,0,0,0.99949,0,0,-0.0319216,0,0,0
1739981645449915,0,0,0,0,0,0.99949,0,0,-0.0319216,0,0,0
1739981645549913,0,0,0,0,0,0.99949,0,0,-0.0319216,0,0,0
1739981645649914,0,0,0,0,0,0.99949,0,0,-0.0319216,0,0,0
1739981645749916,0,0,0,0,0,0.99949,0,0,-0.0319216,0,0,0
1739981645849913,0,0,0,0,0,0.99949,0,0,-0.0319216,0,0,0
1739981645949920,0,0,0,0,0,0.99949,0,0,-0.0319216,0,0,0
1739981646069913,0,0,0,0,0,0.99949,0,0,-0.0319216,0,0,0
1739981646149921,0,0,0,0,0,0.99949,0,0,-0.0319216,0,0,0
1739981646249913,0,0,0,0,0,0.99949,0,0,-0.0319216,0,0,0
1739981646349913,0,0,0,0,0,0.99949,0,0,-0.0319216,0,0,0
1739981646449919,0,0,0,0,0,0.99949,0,0,-0.0319216,0,0,0
1739981646549918,0,0,0,0,0,0.99949,0,0,-0.0319216,0,0,0
1739981646649918,0,0,0,0,0,0.99949,0,0,-0.0319216,0,0,0
1739981646749915,0,0,0,0,0,0.99949,0,0,-0.0319216,0,0,0
1739981646849918,0,0,0,0,0,0.99949,0,0,-0.0319216,0,0,0
1739981646949912,0,0,0,0,0,0.99949,0,0,-0.0319216,0,0,0
1739981647049910,0,0,0,0,0,0.99949,0,0,-0.0319216,0,0,0
1739981647149917,0,0,0,0,0,0.99949,0,0,-0.0319216,0,0,0
1739981647249916,0,0,0,0,0,0.99949,0,0,-0.0319216,0,0,0
1739981647349917,0,0,0,0,0,0.99949,0,0,-0.0319216,0,0,0
1739981647449920,0,0,0,0,0,0.99949,0,0,-0.0319216,0,0,0
1739981647549915,0,0,0,0,0,0.99949,0,0,-0.0319216,0,0,0
1739981647649965,0,0,0,0,0,0.99949,0,0,-0.0319216,0,0,0
1739981647750025,0,0,0,0,0,0.99949,0,0,-0.0319216,0,0,0
1739981647849966,0,0,0,0,0,0.99949,0,0,-0.0319216,0,0,0
1739981647949914,0,0,0,0,0,0.99949,0,0,-0.0319216,0,0,0
1739981648049913,0,0,0,0,0,0.99949,0,0,-0.0319216,0,0,0
1739981648149916,0,0,0,0,0,0.99949,0,0,-0.0319216,0,0,0
1739981648249922,0,0,0,0,0,0.99949,0,0,-0.0319216,0,0,0
1739981648349916,0,0,0,0,0,0.99949,0,0,-0.0319216,0,0,0
1739981648449918,0,0,0,0,0,0.99949,0,0,-0.0319216,0,0,0
1739981648549916,0,0,0,0,0,0.99949,0,0,-0.0319216,0,0,0
1739981648649910,0,0,0,0,0,0.99949,0,0,-0.0319216,0,0,0
1739981648749916,0,0,0,0,0,0.99949,0,0,-0.0319216,0,0,0
1739981648849917,0,0,0,0,0,0.99949,0,0,-0.0319216,0,0,0
1739981648949915,0,0,0,0,0,0.99949,0,0,-0.0319216,0,0,0
1739981649049911,0,0,0,0,0,0.99949,0,0,-0.0319216,0,0,0
1739981649149912,0,0,0,0,0,0.99949,0,0,-0.0319216,0,0,0
1739981649249921,0,0,0,0,0,0.99949,0,0,-0.0319216,0,0,0
1739981649349912,0,0,0,0,0,0.99949,0,0,-0.0319216,0,0,0
1739981649449916,0,0,0,0,0,0.99949,0,0,-0.0319216,0,0,0
1739981649549915,0,0,0,0,0,0.99949,0,0,-0.0319216,0,0,0
1739981649649915,0,0,0,0,0,0.99949,0,0,-0.0319216,0,0,0
1739981649749917,0,0,0,0,0,0.99949,0,0,-0.0319216,0,0,0
1739981649849925,0,0,0,0,0,0.99949,0,0,-0.0319216,0,0,0
1739981649969921,0,0,0,0,0,0.99949,0,0,-0.0319216,0,0,0
1739981650049917,0,0,0,0,0,0.99949,0,0,-0.0319216,0,0,0
1739981650149920,0,0,0,0,0,0.99949,0,0,-0.0319216,0,0,0
1739981650249916,0,0,0,0,0,0.99949,0,0,-0.0319216,0,0,0
1739981650349920,0,0,0,0,0,0.99949,0,0,-0.0319216,0,0,0
1739981650449924,0,0,0,0,0,0.99949,0,0,-0.0319216,0,0,0
1739981650549912,0,0,0,0,0,0.99949,0,0,-0.0319216,0,0,0
1739981650649917,0,0,0,0,0,0.99949,0,0,-0.0319216,0,0,0
1739981650749921,0,0,0,0,0,0.99949,0,0,-0.0319216,0,0,0
1739981650849917,0,0,0,0,0,0.99949,0,0,-0.0319216,0,0,0
1739981650949920,0,0,0,0,0,0.99949,0,0,-0.0319216,0,0,0
1739981651049920,0,0,0,0,0,0.99949,0,0,-0.0319216,0,0,0
1739981651149918,0,0,0,0,0,0.99949,0,0,-0.0319216,0,0,0
1739981651249917,0,0,0,0,0,0.99949,0,0,-0.0319216,0,0,0
1739981651349918,0,0,0,0,0,0.99949,0,0,-0.0319216,0,0,0
1739981651449913,0,0,0,0,0,0.99949,0,0,-0.0319216,0,0,0
1739981651549916,0,0,0,0,0,0.99949,0,0,-0.0319216,0,0,0
1739981651649920,0,0,0,0,0,0.99949,0,0,-0.0319216,0,0,0
1739981651749927,0,0,0,0,0,0.99949,0,0,-0.0319216,0,0,0
1739981651849919,0,0,0,0,0,0.99949,0,0,-0.0319216,0,0,0
1739981651949913,0,0,0,0,0,0.99949,0,0,-0.0319216,0,0,0
1739981652049914,0,0,0,0,0,0.99949,0,0,-0.0319216,0,0,0
1739981652149913,0,0,0,0,0,0.99949,0,0,-0.0319216,0,0,0
1739981652249915,0,0,0,0,0,0.99949,0,0,-0.0319216,0,0,0
1739981652349931,0,0,0,0,0,0.99949,0,0,-0.0319216,0,0,0
1739981652449918,0,0,0,0,0,0.99949,0,0,-0.0319216,0,0,0
1739981652549913,0,0,0,0,0,0.99949,0,0,-0.0319216,0,0,0
1739981652649918,0,0,0,0,0,0.99949,0,0,-0.0319216,0,0,0
1739981652749919,0,0,0,0,0,0.99949,0,0,-0.0319216,0,0,0
1739981652849922,0,0,0,0,0,0.99949,0,0,-0.0319216,0,0,0
1739981652949916,0,0,0,0,0,0.99949,0,0,-0.0319216,0,0,0
1739981653049914,0,0,0,0,0,0.99949,0,0,-0.0319216,0,0,0
1739981653149917,0,0,0,0,0,0.99949,0,0,-0.0319216,0,0,0
1739981653249911,0,0,0,0,0,0.99949,0,0,-0.0319216,0,0,0
1739981653349915,0,0,0,0,0,0.99949,0,0,-0.0319216,0,0,0
1739981653449915,0,0,0,0,0,0.99949,0,0,-0.0319216,0,0,0
1739981653549916,0,0,0,0,0,0.99949,0,0,-0.0319216,0,0,0
1739981653649918,0,0,0,0,0,0.99949,0,0,-0.0319216,0,0,0
1739981653749916,0,0,0,0,0,0.99949,0,0,-0.0319216,0,0,0
1739981653849916,0,0,0,0,0,0.99949,0,0,-0.0319216,0,0,0
1739981653949915,0,0,0,0,0,0.99949,0,0,-0.0319216,0,0,0
1739981654049923,0,0,0,0,0,0.99949,0,0,-0.0319216,0,0,0
1739981654149919,0,0,0,0,0,0.99949,0,0,-0.0319216,0,0,0
1739981654249917,0,0,0,0,0,0.99949,0,0,-0.0319216,0,0,0
1739981654349916,0,0,0,0,0,0.99949,0,0,-0.0319216,0,0,0
1739981654449928,0,0,0,0,0,0.99949,0,0,-0.0319216,0,0,0
1739981654549917,0,0,0,0,0,0.99949,0,0,-0.0319216,0,0,0
1739981654649933,0,0,0,0,0,0.99949,0,0,-0.0319216,0,0,0
1739981654749919,0,0,0,0,0,0.99949,0,0,-0.0319216,0,0,0
1739981654849937,0,0,0,0,0,0.99949,0,0,-0.0319216,0,0,0
1739981654949929,0,0,0,0,0,0.99949,0,0,-0.0319216,0,0,0
1739981655049929,0,0,0,0,0,0.99949,0,0,-0.0319216,0,0,0
1739981655149916,0,0,0,0,0,0.99949,0,0,-0.0319216,0,0,0
1739981655249917,0,0,0,0,0,0.99949,0,0,-0.0319216,0,0,0
1739981655349918,0,0,0,0,0,0.99949,0,0,-0.0319216,0,0,0
1739981655449917,0,0,0,0,0,0.99949,0,0,-0.0319216,0,0,0
1739981655549922,0,0,0,0,0,0.99949,0,0,-0.0319216,0,0,0
1739981655649918,0,0,0,0,0,0.99949,0,0,-0.0319216,0,0,0
1739981655749915,0,0,0,0,0,0.99949,0,0,-0.0319216,0,0,0
1739981655849916,0,0,0,0,0,0.99949,0,0,-0.0319216,0,0,0
1739981655969915,0,0,0,0,0,0.99949,0,0,-0.0319216,0,0,0
1739981656049919,0,0,0,0,0,0.99949,0,0,-0.0319216,0,0,0
1739981656149914,0,0,0,0,0,0.99949,0,0,-0.0319216,0,0,0
1739981656249914,0,0,0,0,0,0.99949,0,0,-0.0319216,0,0,0
1739981656349917,0,0,0,0,0,0.99949,0,0,-0.0319216,0,0,0
1739981656449916,0,0,0,0,0,0.99949,0,0,-0.0319216,0,0,0
1739981656549913,0,0,0,0,0,0.99949,0,0,-0.0319216,0,0,0
1739981656649917,0,0,0,0,0,0.99949,0,0,-0.0319216,0,0,0
1739981656749923,0,0,0,0,0,0.99949,0,0,-0.0319216,0,0,0
1739981656849914,0,0,0,0,0,0.99949,0,0,-0.0319216,0,0,0
1739981656949916,0,0,0,0,0,0.99949,0,0,-0.0319216,0,0,0
1739981657049916,0,0,0,0,0,0.99949,0,0,-0.0319216,0,0,0
1739981657149912,0,0,0,0,0,0.99949,0,0,-0.0319216,0,0,0
1739981657249920,0,0,0,0,0,0.99949,0,0,-0.0319216,0,0,0
1739981657349914,0,0,0,0,0,0.99949,0,0,-0.0319216,0,0,0
1739981657449923,0,0,0,0,0,0.99949,0,0,-0.0319216,0,0,0
1739981657549917,0,0,0,0,0,0.99949,0,0,-0.0319216,0,0,0
1739981657649917,0,0,0,0,0,0.99949,0,0,-0.0319216,0,0,0
1739981657749918,0,0,0,0,0,0.99949,0,0,-0.0319216,0,0,0
1739981657849919,0,0,0,0,0,0.99949,0,0,-0.0319216,0,0,0
1739981657949918,0,0,0,0,0,0.99949,0,0,-0.0319216,0,0,0
1739981658049917,0,0,0,0,0,0.99949,0,0,-0.0319216,0,0,0
1739981658149922,0,0,0,0,0,0.99949,0,0,-0.0319216,0,0,0
1739981658249918,0,0,0,0,0,0.99949,0,0,-0.0319216,0,0,0
1739981658349920,0,0,0,0,0,0.99949,0,0,-0.0319216,0,0,0
1739981658449919,0,0,0,0,0,0.99949,0,0,-0.0319216,0,0,0
1739981658549916,0,0,0,0,0,0.99949,0,0,-0.0319216,0,0,0
1739981658649919,0,0,0,0,0,0.99949,0,0,-0.0319216,0,0,0
1739981658769917,0,0,0,0,0,0.99949,0,0,-0.0319216,0,0,0
1739981658849917,0,0,0,0,0,0.99949,0,0,-0.0319216,0,0,0
1739981658949915,0,0,0,0,0,0.99949,0,0,-0.0319216,0,0,0
1739981659049917,0,0,0,0,0,0.99949,0,0,-0.0319216,0,0,0
1739981659149917,0,0,0,0,0,0.99949,0,0,-0.0319216,0,0,0
1739981659249915,0,0,0,0,0,0.99949,0,0,-0.0319216,0,0,0
1739981659349916,0,0,0,0,0,0.99949,0,0,-0.0319216,0,0,0
1739981659469924,0,0,0,0,0,0.99949,0,0,-0.0319216,0,0,0
1739981659549917,0,0,0,0,0,0.99949,0,0,-0.0319216,0,0,0
1739981659649915,0,0,0,0,0,0.99949,0,0,-0.0319216,0,0,0
1739981659749923,0,0,0,0,0,0.99949,0,0,-0.0319216,0,0,0
1739981659849915,0,0,0,0,0,0.99949,0,0,-0.0319216,0,0,0
1739981659949918,0,0,0,0,0,0.99949,0,0,-0.0319216,0,0,0
1739981660049920,0,0,0,0,0,0.99949,0,0,-0.0319216,0,0,0
1739981660149914,0,0,0,0,0,0.99949,0,0,-0.0319216,0,0,0
1739981660249923,0,0,0,0,0,0.99949,0,0,-0.0319216,0,0,0
1739981660349918,0,0,0,0,0,0.99949,0,0,-0.0319216,0,0,0
1739981660449916,0,0,0,0,0,0.99949,0,0,-0.0319216,0,0,0
1739981660549917,0,0,0,0,0,0.99949,0,0,-0.0319216,0,0,0
1739981660649915,0,0,0,0,0,0.99949,0,0,-0.0319216,0,0,0
1739981660749917,0,0,0,0,0,0.99949,0,0,-0.0319216,0,0,0
1739981660849917,0,0,0,0,0,0.99949,0,0,-0.0319216,0,0,0
1739981660949914,0,0,0,0,0,0.99949,0,0,-0.0319216,0,0,0
1739981661049916,0,0,0,0,0,0.99949,0,0,-0.0319216,0,0,0
1739981661169918,0,0,0,0,0,0.99949,0,0,-0.0319216,0,0,0
1739981661249914,0,0,0,0,0,0.99949,0,0,-0.0319216,0,0,0
1739981661349920,0,0,0,0,0,0.99949,0,0,-0.0319216,0,0,0
1739981661449919,0,0,0,0,0,0.99949,0,0,-0.0319216,0,0,0
1739981661549914,0,0,0,0,0,0.99949,0,0,-0.0319216,0,0,0
1739981661649922,0,0,0,0,0,0.99949,0,0,-0.0319216,0,0,0
1739981661749922,0,0,0,0,0,0.99949,0,0,-0.0319216,0,0,0
1739981661849914,0,0,0,0,0,0.99949,0,0,-0.0319216,0,0,0
1739981661949917,0,0,0,0,0,0.99949,0,0,-0.0319216,0,0,0
1739981662049918,0,0,0,0,0,0.99949,0,0,-0.0319216,0,0,0
1739981662149917,0,0,0,0,0,0.99949,0,0,-0.0319216,0,0,0
1739981662249973,0,0,0,0,0,0.99949,0,0,-0.0319216,0,0,0
1739981662349933,0,0,0,0,0,0.99949,0,0,-0.0319216,0,0,0
1739981662449967,0,0,0,0,0,0.99949,0,0,-0.0319216,0,0,0
1739981662549915,0,0,0,0,0,0.99949,0,0,-0.0319216,0,0,0
1739981662649936,0,0,0,0,0,0.99949,0,0,-0.0319216,0,0,0
1739981662749914,0,0,0,0,0,0.99949,0,0,-0.0319216,0,0,0
1739981662849911,0,0,0,0,0,0.99949,0,0,-0.0319216,0,0,0
1739981662949935,0,0,0,0,0,0.99949,0,0,-0.0319216,0,0,0
1739981663049912,0,0,0,0,0,0.99949,0,0,-0.0319216,0,0,0
1739981663149916,0,0,0,0,0,0.99949,0,0,-0.0319216,0,0,0
1739981663249915,0,0,0,0,0,0.99949,0,0,-0.0319216,0,0,0
1739981663349914,0,0,0,0,0,0.99949,0,0,-0.0319216,0,0,0
1739981663449916,0,0,0,0,0,0.99949,0,0,-0.0319216,0,0,0
1739981663549912,0,0,0,0,0,0.99949,0,0,-0.0319216,0,0,0
1739981663649916,0,0,0,0,0,0.99949,0,0,-0.0319216,0,0,0
1739981663749918,0,0,0,0,0,0.99949,0,0,-0.0319216,0,0,0
1739981663849910,0,0,0,0,0,0.99949,0,0,-0.0319216,0,0,0
1739981663949918,0,0,0,0,0,0.99949,0,0,-0.0319216,0,0,0
1739981664049914,0,0,0,0,0,0.99949,0,0,-0.0319216,0,0,0
1739981664149913,0,0,0,0,0,0.99949,0,0,-0.0319216,0,0,0
1739981664249918,0,0,0,0,0,0.99949,0,0,-0.0319216,0,0,0
1739981664349911,0,0,0,0,0,0.99949,0,0,-0.0319216,0,0,0
1739981664449915,0,0,0,0,0,0.99949,0,0,-0.0319216,0,0,0
1739981664549914,0,0,0,0,0,0.99949,0,0,-0.0319216,0,0,0
1739981664649919,0,0,0,0,0,0.99949,0,0,-0.0319216,0,0,0
1739981664749942,0,0,0,0,0,0.99949,0,0,-0.0319216,0,0,0
1739981664850020,0,0,0,0,0,0.99949,0,0,-0.0319216,0,0,0
1739981664949963,0,0,0,0,0,0.99949,0,0,-0.0319216,0,0,0
1739981665050010,0,0,0,0,0,0.99949,0,0,-0.0319216,0,0,0
1739981665149966,0,0,0,0,0,0.99949,0,0,-0.0319216,0,0,0
1739981665250044,0,0,0,0,0,0.99949,0,0,-0.0319216,0,0,0
1739981665350002,0,0,0,0,0,0.99949,0,0,-0.0319216,0,0,0
1739981665449918,0,0,0,0,0,0.99949,0,0,-0.0319216,0,0,0
1739981665549913,0,0,0,0,0,0.99949,0,0,-0.0319216,0,0,0
1739981665649966,0,0,0,0,0,0.99949,0,0,-0.0319216,0,0,0
1739981665749912,0,0,0,0,0,0.99949,0,0,-0.0319216,0,0,0
1739981665849964,0,0,0,0,0,0.99949,0,0,-0.0319216,0,0,0
1739981665969911,0,0,0,0,0,0.99949,0,0,-0.0319216,0,0,0
1739981666049912,0,0,0,0,0,0.99949,0,0,-0.0319216,0,0,0
1739981666149909,0,0,0,0,0,0.99949,0,0,-0.0319216,0,0,0
1739981666250079,0,0,0,0,0,0.99949,0,0,-0.0319216,0,0,0
1739981666369968,0,0,0,0,0,0.99949,0,0,-0.0319216,0,0,0
1739981666450052,0,0,0,0,0,0.99949,0,0,-0.0319216,0,0,0
1739981666550006,0,0,0,0,0,0.99949,0,0,-0.0319216,0,0,0
1739981666650016,0,0,0,0,0,0.99949,0,0,-0.0319216,0,0,0
1739981666750014,0,0,0,0,0,0.99949,0,0,-0.0319216,0,0,0
1739981666849985,0,0,0,0,0,0.99949,0,0,-0.0319216,0,0,0
1739981666949926,0,0,0,0,0,0.99949,0,0,-0.0319216,0,0,0
1739981667049913,0,0,0,0,0,0.99949,0,0,-0.0319216,0,0,0
1739981667149966,0,0,0,0,0,0.99949,0,0,-0.0319216,0,0,0
1739981667249908,0,0,0,0,0,0.99949,0,0,-0.0319216,0,0,0
1739981667349917,0,0,0,0,0,0.99949,0,0,-0.0319216,0,0,0
1739981667449934,0,0,0,0,0,0.99949,0,0,-0.0319216,0,0,0
1739981667549918,0,0,0,0,0,0.99949,0,0,-0.0319216,0,0,0
1739981667649929,0,0,0,0,0,0.99949,0,0,-0.0319216,0,0,0
1739981667749937,0,0,0,0,0,0.99949,0,0,-0.0319216,0,0,0
1739981667850080,0,0,0,0,0,0.99949,0,0,-0.0319216,0,0,0
1739981667949937,0,0,0,0,0,0.99949,0,0,-0.0319216,0,0,0
1739981668049917,0,0,0,0,0,0.99949,0,0,-0.0319216,0,0,0
1739981668149937,0,0,0,0,0,0.99949,0,0,-0.0319216,0,0,0
1739981668249933,0,0,0,0,0,0.99949,0,0,-0.0319216,0,0,0
1739981668349935,0,0,0,0,0,0.99949,0,0,-0.0319216,0,0,0
1739981668449934,0,0,0,0,0,0.99949,0,0,-0.0319216,0,0,0
1739981668549958,0,0,0,0,0,0.99949,0,0,-0.0319216,0,0,0
1739981668649916,0,0,0,0,0,0.99949,0,0,-0.0319216,0,0,0
1739981668769914,0,0,0,0,0,0.99949,0,0,-0.0319216,0,0,0
1739981668849912,0,0,0,0,0,0.99949,0,0,-0.0319216,0,0,0
1739981668950186,0,0,0,0,0,0.99949,0,0,-0.0319216,0,0,0
1739981669049911,0,0,0,0,0,0.99949,0,0,-0.0319216,0,0,0
1739981669149909,0,0,0,0,0,0.99949,0,0,-0.0319216,0,0,0
1739981669249909,0,0,0,0,0,0.99949,0,0,-0.0319216,0,0,0
1739981669349923,0,0,0,0,0,0.99949,0,0,-0.0319216,0,0,0
1739981669449912,0,0,0,0,0,0.99949,0,0,-0.0319216,0,0,0
1739981669569965,0,0,0,0,0,0.99949,0,0,-0.0319216,0,0,0
1739981669649909,0,0,0,0,0,0.99949,0,0,-0.0319216,0,0,0
1739981669749909,0,0,0,0,0,0.99949,0,0,-0.0319216,0,0,0
1739981669849915,0,0,0,0,0,0.99949,0,0,-0.0319216,0,0,0
1739981669949914,0,0,0,0,0,0.99949,0,0,-0.0319216,0,0,0
1739981670050011,0,0,0,0,0,0.99949,0,0,-0.0319216,0,0,0
1739981670149910,0,0,0,0,0,0.99949,0,0,-0.0319216,0,0,0
1739981670250020,0,0,0,0,0,0.99949,0,0,-0.0319216,0,0,0
1739981670349919,0,0,0,0,0,0.99949,0,0,-0.0319216,0,0,0
1739981670449912,0,0,0,0,0,0.99949,0,0,-0.0319216,0,0,0
1739981670549910,0,0,0,0,0,0.99949,0,0,-0.0319216,0,0,0
1739981670649911,0,0,0,0,0,0.99949,0,0,-0.0319216,0,0,0
1739981670749909,0,0,0,0,0,0.99949,0,0,-0.0319216,0,0,0
1739981670850091,0,0,0,0,0,0.99949,0,0,-0.0319216,0,0,0
1739981670949912,0,0,0,0,0,0.99949,0,0,-0.0319216,0,0,0
1739981671049914,0,0,0,0,0,0.99949,0,0,-0.0319216,0,0,0
1739981671149915,0,0,0,0,0,0.99949,0,0,-0.0319216,0,0,0
1739981671249920,0,0,0,0,0,0.99949,0,0,-0.0319216,0,0,0
1739981671350025,0,0,0,0,0,0.99949,0,0,-0.0319216,0,0,0
1739981671449915,0,0,0,0,0,0.99949,0,0,-0.0319216,0,0,0
1739981671549964,0,0,0,0,0,0.99949,0,0,-0.0319216,0,0,0
1739981671649940,0,0,0,0,0,0.99949,0,0,-0.0319216,0,0,0
1739981671749925,0,0,0,0,0,0.99949,0,0,-0.0319216,0,0,0
1739981671850024,0,0,0,0,0,0.99949,0,0,-0.0319216,0,0,0
1739981671949911,0,0,0,0,0,0.99949,0,0,-0.0319216,0,0,0
1739981672049910,0,0,0,0,0,0.99949,0,0,-0.0319216,0,0,0
1739981672149914,0,0,0,0,0,0.99949,0,0,-0.0319216,0,0,0
1739981672249913,0,0,0,0,0,0.99949,0,0,-0.0319216,0,0,0
1739981672349912,0,0,0,0,0,0.99949,0,0,-0.0319216,0,0,0
1739981672449911,0,0,0,0,0,0.99949,0,0,-0.0319216,0,0,0
1739981672550018,0,0,0,0,0,0.99949,0,0,-0.0319216,0,0,0
1739981672650011,0,0,0,0,0,0.99949,0,0,-0.0319216,0,0,0
1739981672749917,0,0,0,0,0,0.99949,0,0,-0.0319216,0,0,0
1739981672849912,0,0,0,0,0,0.99949,0,0,-0.0319216,0,0,0
1739981672949910,0,0,0,0,0,0.99949,0,0,-0.0319216,0,0,0
1739981673049923,0,0,0,0,0,0.99949,0,0,-0.0319216,0,0,0
1739981673149914,0,0,0,0,0,0.99949,0,0,-0.0319216,0,0,0
1739981673250009,0,0,0,0,0,0.99949,0,0,-0.0319216,0,0,0
1739981673350008,0,0,0,0,0,0.99949,0,0,-0.0319216,0,0,0
1739981673449910,0,0,0,0,0,0.99949,0,0,-0.0319216,0,0,0
1739981673549962,0,0,0,0,0,0.99949,0,0,-0.0319216,0,0,0
1739981673650048,0,0,0,0,0,0.99949,0,0,-0.0319216,0,0,0
1739981673750028,0,0,0,0,0,0.99949,0,0,-0.0319216,0,0,0
1739981673849917,0,0,0,0,0,0.99949,0,0,-0.0319216,0,0,0
1739981673949936,0,0,0,0,0,0.99949,0,0,-0.0319216,0,0,0
1739981674049916,0,0,0,0,0,0.99949,0,0,-0.0319216,0,0,0
1739981674149923,0,0,0,0,0,0.99949,0,0,-0.0319216,0,0,0
1739981674249938,0,0,0,0,0,0.99949,0,0,-0.0319216,0,0,0
1739981674349937,0,0,0,0,0,0.99949,0,0,-0.0319216,0,0,0
1739981674449919,0,0,0,0,0,0.99949,0,0,-0.0319216,0,0,0
1739981674549929,0,0,0,0,0,0.99949,0,0,-0.0319216,0,0,0
1739981674649936,0,0,0,0,0,0.99949,0,0,-0.0319216,0,0,0
1739981674749923,0,0,0,0,0,0.99949,0,0,-0.0319216,0,0,0
1739981674869913,0,0,0,0,0,0.99949,0,0,-0.0319216,0,0,0
1739981674949939,0,0,0,0,0,0.99949,0,0,-0.0319216,0,0,0
1739981675049919,0,0,0,0,0,0.99949,0,0,-0.0319216,0,0,0
1739981675149936,0,0,0,0,0,0.99949,0,0,-0.0319216,0,0,0
1739981675249917,0,0,0,0,0,0.99949,0,0,-0.0319216,0,0,0
1739981675349913,0,0,0,0,0,0.99949,0,0,-0.0319216,0,0,0
1739981675449917,0,0,0,0,0,0.99949,0,0,-0.0319216,0,0,0
1739981675549920,0,0,0,0,0,0.99949,0,0,-0.0319216,0,0,0
1739981675649916,0,0,0,0,0,0.99949,0,0,-0.0319216,0,0,0
1739981675769939,0,0,0,0,0,0.99949,0,0,-0.0319216,0,0,0
1739981675869938,0,0,0,0,0,0.99949,0,0,-0.0319216,0,0,0
1739981675949914,0,0,0,0,0,0.99949,0,0,-0.0319216,0,0,0
1739981676049937,0,0,0,0,0,0.99949,0,0,-0.0319216,0,0,0
1739981676149939,0,0,0,0,0,0.99949,0,0,-0.0319216,0,0,0
1739981676249911,0,0,0,0,0,0.99949,0,0,-0.0319216,0,0,0
1739981676349937,0,0,0,0,0,0.99949,0,0,-0.0319216,0,0,0
1739981676449925,0,0,0,0,0,0.99949,0,0,-0.0319216,0,0,0
1739981676549938,0,0,0,0,0,0.99949,0,0,-0.0319216,0,0,0
1739981676649923,0,0,0,0,0,0.99949,0,0,-0.0319216,0,0,0
1739981676749933,0,0,0,0,0,0.99949,0,0,-0.0319216,0,0,0
1739981676849933,0,0,0,0,0,0.99949,0,0,-0.0319216,0,0,0
1739981676949928,0,0,0,0,0,0.99949,0,0,-0.0319216,0,0,0
1739981677049917,0,0,0,0,0,0.99949,0,0,-0.0319216,0,0,0
1739981677149936,0,0,0,0,0,0.99949,0,0,-0.0319216,0,0,0
1739981677249918,0,0,0,0,0,0.99949,0,0,-0.0319216,0,0,0
1739981677349911,0,0,0,0,0,0.99949,0,0,-0.0319216,0,0,0
1739981677449915,0,0,0,0,0,0.99949,0,0,-0.0319216,0,0,0
1739981677549934,0,0,0,0,0,0.99949,0,0,-0.0319216,0,0,0
1739981677649936,0,0,0,0,0,0.99949,0,0,-0.0319216,0,0,0
1739981677749924,0,0,0,0,0,0.99949,0,0,-0.0319216,0,0,0
1739981677849936,0,0,0,0,0,0.99949,0,0,-0.0319216,0,0,0
1739981677949920,0,0,0,0,0,0.99949,0,0,-0.0319216,0,0,0
1739981678049933,0,0,0,0,0,0.99949,0,0,-0.0319216,0,0,0
1739981678149936,0,0,0,0,0,0.99949,0,0,-0.0319216,0,0,0
1739981678249931,0,0,0,0,0,0.99949,0,0,-0.0319216,0,0,0
1739981678349921,0,0,0,0,0,0.99949,0,0,-0.0319216,0,0,0
1739981678449924,0,0,0,0,0,0.99949,0,0,-0.0319216,0,0,0
1739981678549940,0,0,0,0,0,0.99949,0,0,-0.0319216,0,0,0
1739981678649923,0,0,0,0,0,0.99949,0,0,-0.0319216,0,0,0
1739981678749912,0,0,0,0,0,0.99949,0,0,-0.0319216,0,0,0
1739981678849933,0,0,0,0,0,0.99949,0,0,-0.0319216,0,0,0
1739981678949939,0,0,0,0,0,0.99949,0,0,-0.0319216,0,0,0
1739981679049913,0,0,0,0,0,0.99949,0,0,-0.0319216,0,0,0
1739981679149941,0,0,0,0,0,0.99949,0,0,-0.0319216,0,0,0
1739981679249917,0,0,0,0,0,0.99949,0,0,-0.0319216,0,0,0
1739981679349933,0,0,0,0,0,0.99949,0,0,-0.0319216,0,0,0
1739981679449928,0,0,0,0,0,0.99949,0,0,-0.0319216,0,0,0
1739981679549922,0,0,0,0,0,0.99949,0,0,-0.0319216,0,0,0
1739981679649921,0,0,0,0,0,0.99949,0,0,-0.0319216,0,0,0
1739981679749920,0,0,0,0,0,0.99949,0,0,-0.0319216,0,0,0
1739981679849937,0,0,0,0,0,0.99949,0,0,-0.0319216,0,0,0
1739981679949980,0,0,0,0,0,0.99949,0,0,-0.0319216,0,0,0
1739981680049991,0,0,0,0,0,0.99949,0,0,-0.0319216,0,0,0
1739981680149924,0,0,0,0,0,0.99949,0,0,-0.0319216,0,0,0
1739981680249935,0,0,0,0,0,0.99949,0,0,-0.0319216,0,0,0
1739981680349928,0,0,0,0,0,0.99949,0,0,-0.0319216,0,0,0
1739981680449937,0,0,0,0,0,0.99949,0,0,-0.0319216,0,0,0
1739981680569921,0,0,0,0,0,0.99949,0,0,-0.0319216,0,0,0
1739981680650022,0,0,0,0,0,0.99949,0,0,-0.0319216,0,0,0
1739981680749912,0,0,0,0,0,0.99949,0,0,-0.0319216,0,0,0
1739981680849914,0,0,0,0,0,0.99949,0,0,-0.0319216,0,0,0
1739981680949918,0,0,0,0,0,0.99949,0,0,-0.0319216,0,0,0
1739981681049936,0,0,0,0,0,0.99949,0,0,-0.0319216,0,0,0
1739981681149937,0,0,0,0,0,0.99949,0,0,-0.0319216,0,0,0
1739981681249963,0,0,0,0,0,0.99949,0,0,-0.0319216,0,0,0
1739981681349938,0,0,0,0,0,0.99949,0,0,-0.0319216,0,0,0
1739981681449954,0,0,0,0,0,0.99949,0,0,-0.0319216,0,0,0
1739981681549932,0,0,0,0,0,0.99949,0,0,-0.0319216,0,0,0
1739981681649911,0,0,0,0,0,0.99949,0,0,-0.0319216,0,0,0
1739981681749928,0,0,0,0,0,0.99949,0,0,-0.0319216,0,0,0
1739981681849937,0,0,0,0,0,0.99949,0,0,-0.0319216,0,0,0
1739981681949914,0,0,0,0,0,0.99949,0,0,-0.0319216,0,0,0
1739981682049927,0,0,0,0,0,0.99949,0,0,-0.0319216,0,0,0
1739981682149938,0,0,0,0,0,0.99949,0,0,-0.0319216,0,0,0
1739981682249932,0,0,0,0,0,0.99949,0,0,-0.0319216,0,0,0
1739981682349932,0,0,0,0,0,0.99949,0,0,-0.0319216,0,0,0
1739981682449936,0,0,0,0,0,0.99949,0,0,-0.0319216,0,0,0
1739981682549917,0,0,0,0,0,0.99949,0,0,-0.0319216,0,0,0
1739981682650016,0,0,0,0,0,0.99949,0,0,-0.0319216,0,0,0
1739981682749934,0,0,0,0,0,0.99949,0,0,-0.0319216,0,0,0
1739981682849910,0,0,0,0,0,0.99949,0,0,-0.0319216,0,0,0
1739981682949935,0,0,0,0,0,0.99949,0,0,-0.0319216,0,0,0
1739981683049926,0,0,0,0,0,0.99949,0,0,-0.0319216,0,0,0
1739981683149912,0,0,0,0,0,0.99949,0,0,-0.0319216,0,0,0
1739981683249919,0,0,0,0,0,0.99949,0,0,-0.0319216,0,0,0
1739981683349912,0,0,0,0,0,0.99949,0,0,-0.0319216,0,0,0
1739981683449928,0,0,0,0,0,0.99949,0,0,-0.0319216,0,0,0
1739981683549910,0,0,0,0,0,0.99949,0,0,-0.0319216,0,0,0
1739981683649927,0,0,0,0,0,0.99949,0,0,-0.0319216,0,0,0
1739981683750051,0,0,0,0,0,0.99949,0,0,-0.0319216,0,0,0
1739981683850097,0,0,0,0,0,0.99949,0,0,-0.0319216,0,0,0
1739981683949913,0,0,0,0,0,0.99949,0,0,-0.0319216,0,0,0
1739981684049916,0,0,0,0,0,0.99949,0,0,-0.0319216,0,0,0
1739981684150052,0,0,0,0,0,0.99949,0,0,-0.0319216,0,0,0
1739981684249909,0,0,0,0,0,0.99949,0,0,-0.0319216,0,0,0
1739981684349923,0,0,0,0,0,0.99949,0,0,-0.0319216,0,0,0
1739981684449918,0,0,0,0,0,0.99949,0,0,-0.0319216,0,0,0
1739981684550061,0,0,0,0,0,0.99949,0,0,-0.0319216,0,0,0
1739981684649909,0,0,0,0,0,0.99949,0,0,-0.0319216,0,0,0
1739981684750011,0,0,0,0,0,0.99949,0,0,-0.0319216,0,0,0
1739981684850002,0,0,0,0,0,0.99949,0,0,-0.0319216,0,0,0
1739981684949909,0,0,0,0,0,0.99949,0,0,-0.0319216,0,0,0
1739981685049909,0,0,0,0,0,0.99949,0,0,-0.0319216,0,0,0
1739981685149997,0,0,0,0,0,0.99949,0,0,-0.0319216,0,0,0
1739981685249986,0,0,0,0,0,0.99949,0,0,-0.0319216,0,0,0
1739981685350049,0,0,0,0,0,0.99949,0,0,-0.0319216,0,0,0
1739981685450011,0,0,0,0,0,0.99949,0,0,-0.0319216,0,0,0
1739981685550008,0,0,0,0,0,0.99949,0,0,-0.0319216,0,0,0
1739981685649913,0,0,0,0,0,0.99949,0,0,-0.0319216,0,0,0
1739981685769910,0,0,0,0,0,0.99949,0,0,-0.0319216,0,0,0
1739981685850001,0,0,0,0,0,0.99949,0,0,-0.0319216,0,0,0
1739981685949912,0,0,0,0,0,0.99949,0,0,-0.0319216,0,0,0
1739981686050008,0,0,0,0,0,0.99949,0,0,-0.0319216,0,0,0
1739981686150037,0,0,0,0,0,0.99949,0,0,-0.0319216,0,0,0
1739981686249909,0,0,0,0,0,0.99949,0,0,-0.0319216,0,0,0
1739981686349908,0,0,0,0,0,0.99949,0,0,-0.0319216,0,0,0
1739981686449910,0,0,0,0,0,0.99949,0,0,-0.0319216,0,0,0
1739981686550016,0,0,0,0,0,0.99949,0,0,-0.0319216,0,0,0
1739981686650033,0,0,0,0,0,0.99949,0,0,-0.0319216,0,0,0
1739981686750015,0,0,0,0,0,0.99949,0,0,-0.0319216,0,0,0
1739981686850066,0,0,0,0,0,0.99949,0,0,-0.0319216,0,0,0
1739981686949930,0,0,0,0,0,0.99949,0,0,-0.0319216,0,0,0
1739981687050071,0,0,0,0,0,0.99949,0,0,-0.0319216,0,0,0
1739981687149915,0,0,0,0,0,0.99949,0,0,-0.0319216,0,0,0
1739981687249914,0,0,0,0,0,0.99949,0,0,-0.0319216,0,0,0
1739981687349912,0,0,0,0,0,0.99949,0,0,-0.0319216,0,0,0
1739981687449912,0,0,0,0,0,0.99949,0,0,-0.0319216,0,0,0
1739981687549951,0,0,0,0,0,0.99949,0,0,-0.0319216,0,0,0
1739981687650005,0,0,0,0,0,0.99949,0,0,-0.0319216,0,0,0
1739981687749911,0,0,0,0,0,0.99949,0,0,-0.0319216,0,0,0
1739981687849998,0,0,0,0,0,0.99949,0,0,-0.0319216,0,0,0
1739981687950016,0,0,0,0,0,0.99949,0,0,-0.0319216,0,0,0
1739981688049916,0,0,0,0,0,0.99949,0,0,-0.0319216,0,0,0
1739981688149998,0,0,0,0,0,0.99949,0,0,-0.0319216,0,0,0
1739981688269970,0,0,0,0,0,0.99949,0,0,-0.0319216,0,0,0
1739981688350013,0,0,0,0,0,0.99949,0,0,-0.0319216,0,0,0
1739981688449912,0,0,0,0,0,0.99949,0,0,-0.0319216,0,0,0
1739981688549910,0,0,0,0,0,0.99949,0,0,-0.0319216,0,0,0
1739981688649911,0,0,0,0,0,0.99949,0,0,-0.0319216,0,0,0
1739981688750026,0,0,0,0,0,0.99949,0,0,-0.0319216,0,0,0
1739981688849998,0,0,0,0,0,0.99949,0,0,-0.0319216,0,0,0
1739981688950029,0,0,0,0,0,0.99949,0,0,-0.0319216,0,0,0
1739981689049911,0,0,0,0,0,0.99949,0,0,-0.0319216,0,0,0
1739981689150116,0,0,0,0,0,0.99949,0,0,-0.0319216,0,0,0
1739981689250010,0,0,0,0,0,0.99949,0,0,-0.0319216,0,0,0
1739981689350003,0,0,0,0,0,0.99949,0,0,-0.0319216,0,0,0
1739981689449912,0,0,0,0,0,0.99949,0,0,-0.0319216,0,0,0
1739981689549910,0,0,0,0,0,0.99949,0,0,-0.0319216,0,0,0
1739981689669911,0,0,0,0,0,0.99949,0,0,-0.0319216,0,0,0
1739981689750059,0,0,0,0,0,0.99949,0,0,-0.0319216,0,0,0
1739981689849913,0,0,0,0,0,0.99949,0,0,-0.0319216,0,0,0
1739981689949914,0,0,0,0,0,0.99949,0,0,-0.0319216,0,0,0
1739981690049924,0,0,0,0,0,0.99949,0,0,-0.0319216,0,0,0
1739981690149930,0,0,0,0,0,0.99949,0,0,-0.0319216,0,0,0
1739981690249927,0,0,0,0,0,0.99949,0,0,-0.0319216,0,0,0
1739981690349911,0,0,0,0,0,0.99949,0,0,-0.0319216,0,0,0
1739981690449924,0,0,0,0,0,0.99949,0,0,-0.0319216,0,0,0
1739981690549932,0,0,0,0,0,0.99949,0,0,-0.0319216,0,0,0
1739981690649915,0,0,0,0,0,0.99949,0,0,-0.0319216,0,0,0
1739981690749917,0,0,0,0,0,0.99949,0,0,-0.0319216,0,0,0
1739981690849920,0,0,0,0,0,0.99949,0,0,-0.0319216,0,0,0
1739981690949912,0,0,0,0,0,0.99949,0,0,-0.0319216,0,0,0
1739981691049914,0,0,0,0,0,0.99949,0,0,-0.0319216,0,0,0
1739981691149912,0,0,0,0,0,0.99949,0,0,-0.0319216,0,0,0
1739981691249911,0,0,0,0,0,0.99949,0,0,-0.0319216,0,0,0
1739981691350009,0,0,0,0,0,0.99949,0,0,-0.0319216,0,0,0
1739981691449912,0,0,0,0,0,0.99949,0,0,-0.0319216,0,0,0
1739981691549912,0,0,0,0,0,0.99949,0,0,-0.0319216,0,0,0
1739981691649911,0,0,0,0,0,0.99949,0,0,-0.0319216,0,0,0
1739981691749912,0,0,0,0,0,0.99949,0,0,-0.0319216,0,0,0
1739981691849911,0,0,0,0,0,0.99949,0,0,-0.0319216,0,0,0
1739981691949915,0,0,0,0,0,0.99949,0,0,-0.0319216,0,0,0
1739981692049914,0,0,0,0,0,0.99949,0,0,-0.0319216,0,0,0
1739981692149911,0,0,0,0,0,0.99949,0,0,-0.0319216,0,0,0
1739981692249912,0,0,0,0,0,0.99949,0,0,-0.0319216,0,0,0
1739981692349916,0,0,0,0,0,0.99949,0,0,-0.0319216,0,0,0
1739981692449919,0,0,0,0,0,0.99949,0,0,-0.0319216,0,0,0
1739981692549912,0,0,0,0,0,0.99949,0,0,-0.0319216,0,0,0
1739981692649917,0,0,0,0,0,0.99949,0,0,-0.0319216,0,0,0
1739981692749924,0,0,0,0,0,0.99949,0,0,-0.0319216,0,0,0
1739981692849920,0,0,0,0,0,0.99949,0,0,-0.0319216,0,0,0
1739981692949922,0,0,0,0,0,0.99949,0,0,-0.0319216,0,0,0
1739981693049911,0,0,0,0,0,0.99949,0,0,-0.0319216,0,0,0
1739981693149920,0,0,0,0,0,0.99949,0,0,-0.0319216,0,0,0
1739981693249918,0,0,0,0,0,0.99949,0,0,-0.0319216,0,0,0
1739981693349938,0,0,0,0,0,0.99949,0,0,-0.0319216,0,0,0
1739981693449920,0,0,0,0,0,0.99949,0,0,-0.0319216,0,0,0
1739981693549930,0,0,0,0,0,0.99949,0,0,-0.0319216,0,0,0
1739981693649916,0,0,0,0,0,0.99949,0,0,-0.0319216,0,0,0
1739981693749909,0,0,0,0,0,0.99949,0,0,-0.0319216,0,0,0
1739981693849926,0,0,0,0,0,0.99949,0,0,-0.0319216,0,0,0
1739981693950011,0,0,0,0,0,0.99949,0,0,-0.0319216,0,0,0
1739981694049914,0,0,0,0,0,0.99949,0,0,-0.0319216,0,0,0
1739981694149916,0,0,0,0,0,0.99949,0,0,-0.0319216,0,0,0
1739981694249909,0,0,0,0,0,0.99949,0,0,-0.0319216,0,0,0
1739981694349920,0,0,0,0,0,0.99949,0,0,-0.0319216,0,0,0
1739981694449919,0,0,0,0,0,0.99949,0,0,-0.0319216,0,0,0
1739981694549933,0,0,0,0,0,0.99949,0,0,-0.0319216,0,0,0
1739981694649913,0,0,0,0,0,0.99949,0,0,-0.0319216,0,0,0
1739981694749911,0,0,0,0,0,0.99949,0,0,-0.0319216,0,0,0
1739981694849914,0,0,0,0,0,0.99949,0,0,-0.0319216,0,0,0
1739981694949921,0,0,0,0,0,0.99949,0,0,-0.0319216,0,0,0
1739981695049920,0,0,0,0,0,0.99949,0,0,-0.0319216,0,0,0
1739981695149917,0,0,0,0,0,0.99949,0,0,-0.0319216,0,0,0
1739981695249922,0,0,0,0,0,0.99949,0,0,-0.0319216,0,0,0
1739981695349914,0,0,0,0,0,0.99949,0,0,-0.0319216,0,0,0
1739981695449917,0,0,0,0,0,0.99949,0,0,-0.0319216,0,0,0
1739981695549929,0,0,0,0,0,0.99949,0,0,-0.0319216,0,0,0
1739981695649920,0,0,0,0,0,0.99949,0,0,-0.0319216,0,0,0
1739981695749918,0,0,0,0,0,0.99949,0,0,-0.0319216,0,0,0
1739981695849920,0,0,0,0,0,0.99949,0,0,-0.0319216,0,0,0
1739981695949919,0,0,0,0,0,0.99949,0,0,-0.0319216,0,0,0
1739981696049936,0,0,0,0,0,0.99949,0,0,-0.0319216,0,0,0
1739981696149919,0,0,0,0,0,0.99949,0,0,-0.0319216,0,0,0
1739981696249917,0,0,0,0,0,0.99949,0,0,-0.0319216,0,0,0
1739981696349917,0,0,0,0,0,0.99949,0,0,-0.0319216,0,0,0
1739981696449960,0,0,0,0,0,0.99949,0,0,-0.0319216,0,0,0
1739981696549919,0,0,0,0,0,0.99949,0,0,-0.0319216,0,0,0
1739981696649914,0,0,0,0,0,0.99949,0,0,-0.0319216,0,0,0
1739981696749914,0,0,0,0,0,0.99949,0,0,-0.0319216,0,0,0
1739981696850122,0,0,0,0,0,0.99949,0,0,-0.0319216,0,0,0
1739981696949915,0,0,0,0,0,0.99949,0,0,-0.0319216,0,0,0
1739981697049917,0,0,0,0,0,0.99949,0,0,-0.0319216,0,0,0
1739981697149940,0,0,0,0,0,0.99949,0,0,-0.0319216,0,0,0
1739981697249910,0,0,0,0,0,0.99949,0,0,-0.0319216,0,0,0
1739981697349914,0,0,0,0,0,0.99949,0,0,-0.0319216,0,0,0
1739981697449915,0,0,0,0,0,0.99949,0,0,-0.0319216,0,0,0
1739981697549923,0,0,0,0,0,0.99949,0,0,-0.0319216,0,0,0
1739981697650030,0,0,0,0,0,0.99949,0,0,-0.0319216,0,0,0
1739981697749916,0,0,0,0,0,0.99949,0,0,-0.0319216,0,0,0
1739981697850010,0,0,0,0,0,0.99949,0,0,-0.0319216,0,0,0
1739981697949944,0,0,0,0,0,0.99949,0,0,-0.0319216,0,0,0
1739981698049922,0,0,0,0,0,0.99949,0,0,-0.0319216,0,0,0
1739981698149927,0,0,0,0,0,0.99949,0,0,-0.0319216,0,0,0
1739981698249919,0,0,0,0,0,0.99949,0,0,-0.0319216,0,0,0
1739981698349918,0,0,0,0,0,0.99949,0,0,-0.0319216,0,0,0
1739981698449920,0,0,0,0,0,0.99949,0,0,-0.0319216,0,0,0
1739981698549928,0,0,0,0,0,0.99949,0,0,-0.0319216,0,0,0
1739981698649911,0,0,0,0,0,0.99949,0,0,-0.0319216,0,0,0
1739981698749913,0,0,0,0,0,0.99949,0,0,-0.0319216,0,0,0
1739981698849924,0,0,0,0,0,0.99949,0,0,-0.0319216,0,0,0
1739981698949915,0,0,0,0,0,0.99949,0,0,-0.0319216,0,0,0
1739981699049911,0,0,0,0,0,0.99949,0,0,-0.0319216,0,0,0
1739981699149921,0,0,0,0,0,0.99949,0,0,-0.0319216,0,0,0
1739981699249920,0,0,0,0,0,0.99949,0,0,-0.0319216,0,0,0
1739981699349916,0,0,0,0,0,0.99949,0,0,-0.0319216,0,0,0
1739981699449925,0,0,0,0,0,0.99949,0,0,-0.0319216,0,0,0
1739981699549919,0,0,0,0,0,0.99949,0,0,-0.0319216,0,0,0
1739981699649923,0,0,0,0,0,0.99949,0,0,-0.0319216,0,0,0
1739981699749920,0,0,0,0,0,0.99949,0,0,-0.0319216,0,0,0
1739981699849935,0,0,0,0,0,0.99949,0,0,-0.0319216,0,0,0
1739981699949914,0,0,0,0,0,0.99949,0,0,-0.0319216,0,0,0
1739981700049912,0,0,0,0,0,0.99949,0,0,-0.0319216,0,0,0
1739981700149929,0,0,0,0,0,0.99949,0,0,-0.0319216,0,0,0
1739981700249923,0,0,0,0,0,0.99949,0,0,-0.0319216,0,0,0
1739981700349931,0,0,0,0,0,0.99949,0,0,-0.0319216,0,0,0
1739981700449919,0,0,0,0,0,0.99949,0,0,-0.0319216,0,0,0
1739981700549932,0,0,0,0,0,0.99949,0,0,-0.0319216,0,0,0
1739981700649937,0,0,0,0,0,0.99949,0,0,-0.0319216,0,0,0
1739981700749924,0,0,0,0,0,0.99949,0,0,-0.0319216,0,0,0
1739981700849917,0,0,0,0,0,0.99949,0,0,-0.0319216,0,0,0
1739981700949918,0,0,0,0,0,0.99949,0,0,-0.0319216,0,0,0
1739981701049919,0,0,0,0,0,0.99949,0,0,-0.0319216,0,0,0
1739981701149920,0,0,0,0,0,0.99949,0,0,-0.0319216,0,0,0
1739981701249917,0,0,0,0,0,0.99949,0,0,-0.0319216,0,0,0
1739981701349911,0,0,0,0,0,0.99949,0,0,-0.0319216,0,0,0
1739981701449917,0,0,0,0,0,0.99949,0,0,-0.0319216,0,0,0
1739981701549922,0,0,0,0,0,0.99949,0,0,-0.0319216,0,0,0
1739981701649935,0,0,0,0,0,0.99949,0,0,-0.0319216,0,0,0
1739981701749917,0,0,0,0,0,0.99949,0,0,-0.0319216,0,0,0
1739981701849933,0,0,0,0,0,0.584902,0,0,-0.811104,0,0,0
1739981701949913,0,0,0,0,0,0.584902,0,0,-0.811104,0,0,0
1739981702049912,0,0,0,0,0,0.584902,0,0,-0.811104,0,0,0
1739981702149924,0,0,0,0,0,0.584902,0,0,-0.811104,0,0,0
1739981702249914,0,0,0,0,0,0.584902,0,0,-0.811104,0,0,0
1739981702349937,0,0,0,0,0,0.584902,0,0,-0.811104,0,0,0
1739981702449918,0,0,0,0,0,0.584902,0,0,-0.811104,0,0,0
1739981702549925,0,0,0,0,0,0.584902,0,0,-0.811104,0,0,0
1739981702649921,0,0,0,0,0,0.584902,0,0,-0.811104,0,0,0
1739981702749921,0,0,0,0,0,0.584902,0,0,-0.811104,0,0,0
1739981702849909,0,0,0,0,0,0.584902,0,0,-0.811104,0,0,0
1739981702949915,0,0,0,0,0,0.584902,0,0,-0.811104,0,0,0
1739981703049920,0,0,0,0,0,0.584902,0,0,-0.811104,0,0,0
1739981703149925,0,0,0,0,0,0.584902,0,0,-0.811104,0,0,0
1739981703249916,0,0,0,0,0,0.584902,0,0,-0.811104,0,0,0
1739981703349915,0,0,0,0,0,0.584902,0,0,-0.811104,0,0,0
1739981703449917,0,0,0,0,0,0.584902,0,0,-0.811104,0,0,0
1739981703549936,0,0,0,0,0,0.584902,0,0,-0.811104,0,0,0
1739981703649919,0,0,0,0,0,0.584902,0,0,-0.811104,0,0,0
1739981703749915,0,0,0,0,0,0.584902,0,0,-0.811104,0,0,0
1739981703849914,0,0,0,0,0,0.584902,0,0,-0.811104,0,0,0
1739981703949920,0,0,0,0,0,0.584902,0,0,-0.811104,0,0,0
1739981704049916,0,0,0,0,0,0.584902,0,0,-0.811104,0,0,0
1739981704149914,0,0,0,0,0,0.584902,0,0,-0.811104,0,0,0
1739981704249915,0,0,0,0,0,0.584902,0,0,-0.811104,0,0,0
1739981704349925,0,0,0,0,0,0.584902,0,0,-0.811104,0,0,0
1739981704449915,0,0,0,0,0,0.584902,0,0,-0.811104,0,0,0
