1740579086980518,0,0.27,0.262662,0.0702709,0.0789034
1740579087000925,0,0.27,0.264375,0.0856861,0.0815193
1740579087020898,0,0.27,0.266185,0.0904784,0.0811402
1740579087040276,0,0.27,0.26784,0.0827283,0.0801121
1740579087060620,0,0.27,0.269157,0.0658482,0.0794416
1740579087080713,0,0.27,0.270056,0.0449657,0.0785323
1740579087100318,0,0.28,0.270653,0.0298396,0.0759222
1740579087120888,0,0.28,0.271329,0.0338227,0.0705338
1740579087140396,0,0.28,0.272452,0.0561357,0.0628589
1740579087160391,0,0.29,0.274142,0.0845209,0.0552711
1740579087180324,0,0.29,0.276455,0.11564,0.0511294
1740579087200641,0,0.29,0.279355,0.144999,0.0533773
1740579087220394,0,0.29,0.282533,0.158879,0.0634075
1740579087240393,0,0.29,0.28554,0.150381,0.080306
1740579087260381,0,0.29,0.288018,0.123884,0.10066
1740579087280639,0,0.3,0.289882,0.0932038,0.11938
1740579087300610,0,0.3,0.291425,0.0771761,0.131556
1740579087320402,0,0.3,0.293023,0.0798672,0.134561
1740579087340391,0,0.31,0.294868,0.092265,0.12914
1740579087360710,0,0.31,0.297118,0.112502,0.118841
1740579087380621,0,0.31,0.29984,0.136089,0.108397
1740579087400469,0,0.31,0.302807,0.148372,0.102004
1740579087420601,0,0.32,0.305731,0.146171,0.101858
1740579087440566,0,0.32,0.308585,0.142708,0.107552
1740579087460595,0,0.32,0.311453,0.143392,0.116819
1740579087480504,0,0.32,0.314229,0.138798,0.126941
1740579087500750,0,0.33,0.316776,0.127353,0.135602
1740579087520276,0,0.33,0.319206,0.121489,0.141122
1740579087540777,0,0.33,0.321699,0.124647,0.142766
1740579087560367,0,0.33,0.324201,0.125131,0.141014
1740579087580607,0,0.34,0.326589,0.119413,0.137113
1740579087600482,0,0.35,0.329063,0.123669,0.132344
1740579087620836,0,0.35,0.332079,0.150831,0.128033
1740579087640956,0,0.35,0.335816,0.186847,0.126155
1740579087660384,0,0.36,0.340038,0.211069,0.129124
1740579087680375,0,0.36,0.344486,0.222404,0.138462
1740579087700283,0,0.37,0.34905,0.228192,0.153712
1740579087720300,0,0.37,0.353693,0.232148,0.172639
1740579087740405,0,0.37,0.358307,0.230712,0.192275
1740579087760260,0,0.38,0.362689,0.219107,0.209769
1740579087780281,0,0.38,0.366778,0.204462,0.222749
1740579087800481,0,0.38,0.370606,0.191382,0.229599
1740579087820394,0,0.38,0.374046,0.171988,0.229707
1740579087840493,0,0.39,0.376981,0.146753,0.22331
1740579087860292,0,0.39,0.379575,0.129704,0.211145
1740579087880358,0,0.4,0.382177,0.130129,0.194578
1740579087900452,0,0.41,0.38521,0.151615,0.176125
1740579087920981,0,0.41,0.389069,0.192977,0.159637
1740579087940893,0,0.42,0.393866,0.239827,0.14971
1740579087960504,0,0.42,0.399397,0.276537,0.150287
1740579087980274,0,0.43,0.405342,0.297263,0.163028
1740579088000327,0,0.44,0.411496,0.307718,0.186469
1740579088020570,0,0.44,0.417837,0.317045,0.216635
1740579088040884,0,0.45,0.424297,0.323015,0.248646
1740579088060498,0,0.45,0.430701,0.320171,0.278163
1740579088080467,0,0.46,0.436885,0.30921,0.30198
1740579088100412,0,0.46,0.442755,0.293519,0.318054
1740579088120294,0,0.46,0.448192,0.27182,0.325412
1740579088140806,0,0.46,0.45293,0.236896,0.323904
1740579088160890,0,0.46,0.456681,0.187548,0.313659
1740579088180362,0,0.46,0.459308,0.131349,0.294606
1740579088200523,0,0.46,0.460858,0.0775158,0.26658
1740579088220587,0,0.47,0.461622,0.0381976,0.23002
1740579088240440,0,0.47,0.462165,0.0271708,0.186895
1740579088260455,0,0.47,0.463015,0.0424862,0.141314
1740579088280524,0,0.48,0.464411,0.0698209,0.0991663
1740579088300801,0,0.47,0.46638,0.0984371,0.0665473
1740579088320823,0,0.46,0.46851,0.106496,0.0476321
1740579088340443,0,0.45,0.469823,0.0656649,0.0426654
1740579088360507,0,0.45,0.469372,-0.0225514,0.0466749
1740579088380361,0,0.44,0.46683,-0.127135,0.050128
1740579088400385,0,0.41,0.46215,-0.234002,0.0420546
1740579088420581,0,0.41,0.455066,-0.354177,0.0137498
1740579088440721,0,0.41,0.445706,-0.467993,-0.0391947
1740579088461034,0,0.4,0.435101,-0.530277,-0.116118
1740579088480363,0,0.43,0.424831,-0.513497,-0.210315
1740579088500508,0,0.43,0.416823,-0.400373,-0.308307
1740579088520396,0,0.47,0.413024,-0.189967,-0.39071
1740579088540741,0,0.49,0.415013,0.0994772,-0.435107
1740579088560467,0,0.46,0.423128,0.405742,-0.420742
1740579088580489,0,0.52,0.435848,0.635983,-0.33484
1740579088600373,0,0.5,0.451229,0.769065,-0.178869
1740579088620632,0,0.51,0.467598,0.818457,0.0292775
1740579088640366,0,0.52,0.48315,0.777604,0.259245
1740579088660604,0,0.52,0.496599,0.672419,0.475829
1740579088680431,0,0.52,0.507372,0.538638,0.647029
1740579088700532,0,0.55,0.515531,0.407991,0.750826
1740579088720536,0,0.54,0.521973,0.322104,0.779414
1740579088740853,0,0.54,0.527583,0.28047,0.740039
1740579088760661,0,0.54,0.532453,0.243515,0.65172
1740579088780716,0,0.56,0.536528,0.203723,0.538389
1740579088800326,0,0.55,0.540183,0.182772,0.42187
1740579088820286,0,0.56,0.543781,0.179908,0.318172
1740579088840313,0,0.56,0.547379,0.179905,0.236856
1740579088860316,0,0.57,0.55101,0.181559,0.181531
1740579088880436,0,0.59,0.554993,0.199112,0.151023
1740579088900518,0,0.59,0.559936,0.247163,0.141605
1740579088920535,0,0.61,0.566309,0.318649,0.149613
1740579088940367,0,0.61,0.574181,0.39362,0.172843
1740579088960694,0,0.61,0.583133,0.447601,0.209909
1740579088980373,0,0.61,0.592189,0.452781,0.258184
1740579089000449,0,0.63,0.600432,0.412169,0.311842
1740579089020291,0,0.64,0.607798,0.368291,0.361937
1740579089040601,0,0.64,0.614822,0.351176,0.399433
1740579089060648,0,0.65,0.62183,0.350425,0.419208
1740579089080575,0,0.65,0.628783,0.347617,0.421675
1740579089100294,0,0.66,0.63552,0.336891,0.411179
1740579089120389,0,0.67,0.642006,0.324282,0.39318
1740579089140800,0,0.68,0.64848,0.323695,0.372449
1740579089160368,0,0.68,0.655218,0.336897,0.352777
1740579089180325,0,0.67,0.662003,0.339264,0.337128
1740579089200449,0,0.67,0.667988,0.299239,0.326797
1740579089220509,0,0.68,0.672396,0.220382,0.319805
1740579089240409,0,0.7,0.67543,0.1517,0.310776
1740579089260598,0,0.69,0.678111,0.134063,0.293969
1740579089280403,0,0.7,0.681197,0.154307,0.267594
1740579089300374,0,0.7,0.684802,0.180271,0.235441
1740579089320428,0,0.7,0.688735,0.196624,0.204499
1740579089340864,0,0.7,0.692616,0.194046,0.180953
1740579089360468,0,0.71,0.696108,0.174621,0.167401
1740579089380401,0,0.71,0.699219,0.15552,0.162424
1740579089400602,0,0.72,0.702209,0.149515,0.162278
1740579089420443,0,0.72,0.705371,0.158095,0.163407
1740579089440582,0,0.72,0.70881,0.171971,0.164105
1740579089460406,0,0.73,0.712412,0.180104,0.164526
1740579089480303,0,0.73,0.716103,0.184512,0.165571
1740579089500311,0,0.73,0.719834,0.186592,0.167854
1740579089520538,0,0.74,0.723479,0.182244,0.171307
1740579089540436,0,0.74,0.727023,0.177196,0.175224
1740579089560312,0,0.74,0.730506,0.174132,0.178604
1740579089580729,0,0.74,0.733777,0.16354,0.18056
1740579089600438,0,0.74,0.736573,0.13983,0.180294
1740579089620395,0,0.74,0.738704,0.10654,0.176737
1740579089640612,0,0.76,0.740314,0.0804961,0.168586
1740579089660313,0,0.76,0.742079,0.0882626,0.15533
1740579089680408,0,0.73,0.744363,0.114202,0.138643
1740579089700764,0,0.76,0.746561,0.109869,0.122158
1740579089720806,0,0.75,0.748196,0.0817478,0.10893
1740579089740639,0,0.75,0.749424,0.0614077,0.0993066
1740579089760390,0,0.76,0.750416,0.049594,0.0915558
1740579089780433,0,0.77,0.751523,0.0553697,0.0839547
1740579089800432,0,0.76,0.75326,0.0868589,0.0763869
1740579089820532,0,0.77,0.755701,0.122046,0.0707939
1740579089840310,0,0.77,0.758581,0.14399,0.0701068
1740579089860805,0,0.78,0.761753,0.158623,0.0763
1740579089880399,0,0.77,0.765132,0.168914,0.0892614
1740579089900441,0,0.77,0.768352,0.161028,0.106927
1740579089920616,0,0.77,0.770861,0.125447,0.125671
1740579089940375,0,0.77,0.772349,0.0743747,0.140612
1740579089960460,0,0.77,0.772864,0.0257641,0.146598
1740579089980471,0,0.79,0.772855,-0.000429153,0.140079
1740579090000719,0,0.78,0.77314,0.0142187,0.121103
1740579090020368,0,0.78,0.774214,0.0537127,0.0942331
1740579090040443,0,0.78,0.77585,0.0818044,0.0671655
1740579090060743,0,0.79,0.777677,0.0913411,0.0472548
1740579090080441,0,0.79,0.779664,0.099358,0.0384379
1740579090100515,0,0.79,0.7819,0.111789,0.0407384
1740579090120477,0,0.79,0.784267,0.118366,0.0516919
1740579090140690,0,0.79,0.786494,0.111362,0.0677124
1740579090160455,0,0.8,0.788442,0.0974029,0.0847677
1740579090180413,0,0.8,0.790285,0.0921249,0.0990964
1740579090200443,0,0.81,0.792371,0.104308,0.10839
1740579090220815,0,0.81,0.794997,0.131312,0.112791
1740579090240293,0,0.81,0.798213,0.160781,0.11479
1740579090260323,0,0.81,0.801713,0.17499,0.117783
1740579090280313,0,0.81,0.805023,0.165492,0.123993
1740579090300405,0,0.81,0.807754,0.136566,0.132977
1740579090320411,0,0.81,0.809704,0.0974834,0.14165
1740579090341252,0,0.81,0.810855,0.05759,0.145694
1740579090360890,0,0.82,0.811432,0.0288397,0.141499
1740579090380332,0,0.82,0.811932,0.0249952,0.127843
1740579090400648,0,0.82,0.812821,0.0444591,0.10681
1740579090420964,0,0.82,0.81419,0.068447,0.0833365
1740579090440387,0,0.82,0.815827,0.081861,0.0632194
1740579090460538,0,0.82,0.817449,0.0810683,0.0505998
1740579090480784,0,0.83,0.818926,0.0738502,0.0464867
1740579090500524,0,0.83,0.820437,0.0755519,0.049137
1740579090520905,0,0.83,0.82222,0.0891358,0.0557958
1740579090540668,0,0.83,0.824241,0.101092,0.0643304
1740579090560555,0,0.83,0.82626,0.100914,0.073551
1740579090580551,0,0.83,0.828023,0.0881791,0.0824549
1740579090600539,0,0.83,0.829368,0.067237,0.0895554
1740579090620675,0,0.83,0.830241,0.0436395,0.0929642
1740579090640699,0,0.84,0.830784,0.0271469,0.0910832
1740579090660886,0,0.84,0.831401,0.0308424,0.0835498
1740579090680401,0,0.84,0.832472,0.0535876,0.0720102
1740579090700374,0,0.84,0.834026,0.0776559,0.0599925
1740579090720452,0,0.84,0.83581,0.0892222,0.05147
1740579090740648,0,0.84,0.837526,0.0858009,0.0488931
1740579090760667,0,0.84,0.838944,0.0709146,0.0520565
1740579090780431,0,0.84,0.839949,0.0502139,0.0583884
1740579090800667,0,0.84,0.84053,0.0290513,0.064229
1740579090820550,0,0.84,0.840754,0.0112027,0.0663021
1740579090840381,0,0.83,0.840623,-0.00651479,0.0627125
1740579090860669,0,0.83,0.839943,-0.0340253,0.0530508
1740579090880445,0,0.83,0.838543,-0.0699759,0.0377056
1740579090901022,0,0.82,0.836473,-0.103521,0.0171787
1740579090920711,0,0.81,0.833696,-0.138849,-0.0080061
1740579090940667,0,0.81,0.83001,-0.184295,-0.0372524
1740579090960319,0,0.8,0.825385,-0.231269,-0.0701261
1740579090980515,0,0.8,0.820038,-0.267339,-0.106339
1740579091000330,0,0.8,0.814378,-0.282985,-0.145074
1740579091020461,0,0.79,0.808897,-0.274041,-0.184147
1740579091040285,0,0.78,0.803763,-0.256717,-0.219889
1740579091060582,0,0.77,0.798645,-0.255883,-0.248331
1740579091080427,0,0.75,0.792921,-0.286216,-0.2674
1740579091100608,0,0.75,0.78598,-0.347039,-0.27873
1740579091120306,0,0.75,0.777791,-0.409442,-0.287541
1740579091140399,0,0.71,0.768744,-0.452352,-0.300209
1740579091160366,0,0.7,0.758631,-0.505683,-0.321324
1740579091180375,0,0.73,0.747272,-0.567937,-0.352698
1740579091200288,0,0.71,0.735873,-0.569943,-0.393583
1740579091220512,0,0.71,0.726013,-0.492981,-0.43947
1740579091240302,0,0.7,0.718235,-0.388941,-0.480891
1740579091260391,0,0.68,0.712078,-0.307831,-0.505947
1740579091280331,0,0.68,0.706514,-0.278193,-0.506076
1740579091300347,0,0.66,0.700544,-0.29853,-0.480827
1740579091320464,0,0.65,0.693487,-0.352833,-0.438555
1740579091340721,0,0.64,0.684955,-0.426573,-0.393164
1740579091360430,0,0.64,0.675097,-0.492936,-0.359036
1740579091380466,0,0.61,0.664421,-0.533763,-0.346292
1740579091400356,0,0.61,0.653192,-0.561497,-0.358023
1740579091420515,0,0.6,0.641552,-0.581989,-0.390603
1740579091440739,0,0.58,0.629801,-0.587523,-0.436247
1740579091460850,0,0.57,0.618018,-0.589165,-0.4859
1740579091480633,0,0.55,0.605977,-0.602046,-0.531693
1740579091500436,0,0.55,0.593529,-0.622392,-0.568823
1740579091520381,0,0.55,0.581034,-0.624752,-0.595978
1740579091540595,0,0.54,0.569348,-0.584334,-0.613645
1740579091560559,0,0.53,0.5591,-0.512379,-0.621494
1740579091580972,0,0.53,0.550346,-0.437722,-0.617315
1740579091600751,0,0.51,0.542793,-0.377625,-0.598471
1740579091620464,0,0.43,0.535093,-0.385022,-0.564826
1740579091640517,0,0.42,0.524267,-0.541258,-0.522385
1740579091660550,0,0.43,0.508135,-0.8066,-0.486298
1740579091680413,0,0.45,0.488078,-1.00289,-0.478182
1740579091700517,0,0.47,0.468332,-0.987294,-0.514317
1740579091720757,0,0.47,0.453277,-0.75275,-0.591247
1740579091740849,0,0.48,0.445343,-0.396703,-0.680905
1740579091760376,0,0.49,0.444697,-0.0322983,-0.740402
1740579091780432,0,0.49,0.450048,0.267538,-0.730266
1740579091800989,0,0.48,0.459139,0.454579,-0.630477
1740579091820529,0,0.47,0.469075,0.496782,-0.447699
1740579091840708,0,0.48,0.477255,0.408988,-0.213021
1740579091860540,0,0.47,0.482353,0.254941,0.0277839
1740579091880311,0,0.46,0.484125,0.088574,0.228192
1740579091900407,0,0.46,0.482747,-0.0689149,0.353933
1740579091920389,0,0.45,0.478757,-0.199485,0.39022
1740579091940464,0,0.44,0.472889,-0.293411,0.342037
1740579091960300,0,0.43,0.465692,-0.359847,0.229332
1740579091980323,0,0.42,0.457504,-0.40938,0.0796128
1740579092000324,0,0.41,0.448574,-0.446481,-0.0796118
1740579092020437,0,0.41,0.439213,-0.468093,-0.226334
1740579092040500,0,0.4,0.429904,-0.465453,-0.346367
1740579092060399,0,0.4,0.421159,-0.437213,-0.432852
1740579092080333,0,0.39,0.413314,-0.392273,-0.484357
1740579092100386,0,0.39,0.406471,-0.342128,-0.50307
1740579092120525,0,0.38,0.400542,-0.296463,-0.493668
1740579092140378,0,0.38,0.395317,-0.261261,-0.462643
1740579092160376,0,0.38,0.390645,-0.233571,-0.417585
1740579092180311,0,0.37,0.386497,-0.207412,-0.366142
1740579092200369,0,0.37,0.382749,-0.187418,-0.314827
1740579092220503,0,0.37,0.379245,-0.175191,-0.268327
1740579092240408,0,0.36,0.375944,-0.165066,-0.229439
1740579092260365,0,0.36,0.372737,-0.160331,-0.199305
1740579092280314,0,0.36,0.369516,-0.161065,-0.177799
1740579092300315,0,0.36,0.366405,-0.155549,-0.163961
1740579092320363,0,0.36,0.363672,-0.136624,-0.156063
1740579092340399,0,0.35,0.361431,-0.112045,-0.151492
1740579092360375,0,0.35,0.359464,-0.0983611,-0.147229
1740579092380325,0,0.35,0.357471,-0.0996664,-0.141097
1740579092400388,0,0.35,0.355411,-0.103007,-0.13273
1740579092420548,0,0.35,0.353455,-0.0977665,-0.123243
1740579092440586,0,0.35,0.351797,-0.0829086,-0.113929
1740579092460546,0,0.35,0.350559,-0.0619262,-0.105169
1740579092480311,0,0.35,0.349769,-0.0394836,-0.0962885
1740579092500435,0,0.35,0.349379,-0.0195056,-0.0861164
1740579092520351,0,0.35,0.349292,-0.00435263,-0.0737518
1740579092540417,0,0.35,0.349396,0.0052169,-0.0590832
1740579092565169,0,0.35,0.34959,0.00969768,-0.0428979
1740579092580514,0,0.35,0.349796,0.0103056,-0.026629
1740579092600421,0,0.35,0.349966,0.00850558,-0.0119089
1740579092620351,0,0.35,0.350079,0.00564009,-0.000118807
1740579092640845,0,0.35,0.350134,0.00272095,0.00792522
1740579092660486,0,0.36,0.350243,0.00546128,0.0121415
1740579092680424,0,0.36,0.350729,0.0243172,0.0133729
1740579092700735,0,0.36,0.351871,0.0570849,0.0136131
1740579092720729,0,0.36,0.353596,0.0862643,0.01574
1740579092740540,0,0.37,0.355679,0.104141,0.0223662
1740579092760675,0,0.37,0.358074,0.119776,0.0345832
1740579092780362,0,0.37,0.36079,0.13579,0.0517285
1740579092800409,0,0.38,0.363723,0.146638,0.0720622
1740579092820604,0,0.39,0.366944,0.161034,0.0935431
1740579092840487,0,0.39,0.370747,0.190163,0.114596
1740579092860429,0,0.39,0.375176,0.221443,0.134814
1740579092880635,0,0.39,0.379814,0.231901,0.154731
1740579092900573,0,0.4,0.384176,0.218135,0.174433
1740579092920697,0,0.42,0.388318,0.207101,0.192511
1740579092940729,0,0.43,0.393001,0.234145,0.207056
1740579092960413,0,0.44,0.39909,0.30442,0.218233
1740579092980518,0,0.44,0.406826,0.386834,0.229823
1740579093000542,0,0.46,0.415824,0.449885,0.247718
1740579093021223,0,0.47,0.425676,0.492577,0.276441
1740579093040543,0,0.47,0.436112,0.521792,0.316662
1740579093060595,0,0.47,0.446532,0.521004,0.364997
1740579093080310,0,0.47,0.455976,0.47223,0.414848
1740579093100332,0,0.48,0.4637,0.386204,0.457255
1740579093120438,0,0.48,0.469586,0.294304,0.482519
1740579093140450,0,0.48,0.473926,0.216992,0.483093
1740579093160314,0,0.46,0.476798,0.143571,0.456236
1740579093180375,0,0.42,0.477383,0.0292525,0.404026
1740579093200318,0,0.42,0.474137,-0.162277,0.330005
1740579093220310,0,0.41,0.466299,-0.391923,0.235088
1740579093240346,0,0.45,0.455195,-0.555202,0.117424
1740579093260378,0,0.47,0.444233,-0.548087,-0.0216634
1740579093280557,0,0.51,0.437638,-0.329727,-0.169325
1740579093300530,0,0.51,0.438509,0.0435457,-0.297486
1740579093320554,0,0.52,0.447359,0.442462,-0.368735
1740579093340592,0,0.53,0.462259,0.745027,-0.350578
1740579093360376,0,0.55,0.480441,0.909103,-0.230562
1740579093380445,0,0.56,0.499634,0.959648,-0.0232932
1740579093400322,0,0.57,0.518294,0.932972,0.234295
1740579093420417,0,0.57,0.535303,0.850463,0.495502
1740579093440358,0,0.58,0.549838,0.72675,0.717073
1740579093460377,0,0.6,0.561712,0.593686,0.868343
1740579093480398,0,0.61,0.571643,0.496587,0.935664
1740579093500469,0,0.62,0.580741,0.454903,0.923113
1740579093520407,0,0.63,0.589813,0.453562,0.849668
1740579093540361,0,0.65,0.599334,0.476059,0.742944
1740579093560345,0,0.66,0.609697,0.518185,0.631477
1740579093580318,0,0.67,0.621089,0.569555,0.53847
1740579093600390,0,0.7,0.633482,0.619674,0.478382
1740579093620440,0,0.7,0.646906,0.671187,0.45629
1740579093640420,0,0.71,0.661111,0.710285,0.46935
1740579093660389,0,0.72,0.675349,0.711861,0.509042
1740579093680614,0,0.72,0.688788,0.671986,0.563046
1740579093700428,0,0.74,0.700867,0.603944,0.617084
1740579093720346,0,0.75,0.711589,0.536066,0.657606
1740579093740317,0,0.76,0.721474,0.49426,0.675164
1740579093760435,0,0.77,0.731054,0.479004,0.667059
1740579093780375,0,0.76,0.740436,0.469103,0.637539
1740579093800347,0,0.79,0.749357,0.44603,0.595037
1740579093820432,0,0.79,0.757834,0.423875,0.548268
1740579093840435,0,0.79,0.766122,0.41438,0.503797
1740579093860373,0,0.8,0.774096,0.398704,0.465623
1740579093880397,0,0.82,0.781658,0.378099,0.435359
1740579093900418,0,0.83,0.789288,0.381526,0.412694
1740579093920331,0,0.84,0.797641,0.417623,0.396946
1740579093940401,0,0.85,0.806988,0.46736,0.388741
1740579093960327,0,0.86,0.817207,0.510934,0.389988
1740579093980330,0,0.87,0.827993,0.539342,0.402171
1740579094000613,0,0.89,0.839119,0.55629,0.424687
1740579094020406,0,0.89,0.850519,0.570005,0.454595
1740579094040760,0,0.91,0.862082,0.578144,0.487661
1740579094060589,0,0.91,0.873595,0.57565,0.519599
1740579094080537,0,0.93,0.884872,0.563839,0.546761
1740579094100729,0,0.93,0.895806,0.546718,0.566408
1740579094120594,0,0.94,0.906277,0.523517,0.576879
1740579094140550,0,0.96,0.916227,0.497523,0.577643
1740579094160807,0,0.96,0.925887,0.483003,0.569305
1740579094180416,0,0.96,0.935346,0.472939,0.553702
1740579094200837,0,0.97,0.944226,0.444022,0.53347
1740579094220456,0,0.98,0.952236,0.400472,0.510709
1740579094240717,0,0.98,0.959468,0.361598,0.486019
1740579094260915,0,0.99,0.966091,0.331169,0.459041
1740579094280490,0,0.99,0.972203,0.30559,0.429653
1740579094300539,0,1,0.977889,0.28432,0.39855
1740579094320412,0,1,0.983243,0.26769,0.367079
1740579094340469,0,1,0.988259,0.250807,0.336804
1740579094360685,0,1,0.992723,0.22316,0.308904
1740579094380360,0,1,0.996344,0.181088,0.283463
1740579094400357,0,1.02,0.999162,0.140861,0.259194
1740579094420480,0,1.02,1.00179,0.131497,0.234391
1740579094440487,0,1.02,1.00491,0.155729,0.208911
1740579094460354,0,1.03,1.00867,0.187999,0.185336
1740579094480380,0,1.04,1.01305,0.219303,0.167945
1740579094500468,0,1.05,1.01824,0.259382,0.160588
1740579094520381,0,1.05,1.02436,0.306052,0.165468
1740579094540494,0,1.07,1.03132,0.347829,0.182994
1740579094560387,0,1.06,1.03889,0.378484,0.211812
1740579094580404,0,1.06,1.04651,0.381088,0.248675
1740579094600474,0,1.09,1.05355,0.351959,0.288327
1740579094620429,0,1.09,1.06018,0.331467,0.324157
1740579094640413,0,1.09,1.06695,0.338584,0.350496
1740579094660352,0,1.11,1.07398,0.351596,0.365197
1740579094680316,0,1.09,1.08108,0.354868,0.369946
1740579094700426,0,1.1,1.08768,0.3299,0.368033
1740579094720332,0,1.12,1.09327,0.279826,0.361605
1740579094740352,0,1.11,1.09812,0.242275,0.350572
1740579094760462,0,1.12,1.10263,0.225365,0.333968
1740579094780495,0,1.11,1.10677,0.207323,0.311982
1740579094800355,0,1.11,1.11021,0.171882,0.286148
1740579094820448,0,1.12,1.11263,0.12086,0.257866
1740579094840372,0,1.12,1.1142,0.0786424,0.227368
1740579094860737,0,1.12,1.1154,0.060153,0.194438
1740579094880578,0,1.14,1.11672,0.065738,0.160034
1740579094900418,0,1.15,1.11889,0.108767,0.12733
1740579094920578,0,1.15,1.1227,0.190413,0.101794
1740579094940351,0,1.15,1.12817,0.273395,0.0902128
1740579094960387,0,1.16,1.13461,0.321817,0.0980876
1740579094980342,0,1.16,1.14127,0.333411,0.12635
1740579095000348,0,1.17,1.14771,0.32168,0.169955
1740579095020382,0,1.18,1.15379,0.304002,0.219592
1740579095040573,0,1.19,1.15979,0.299942,0.265359
1740579095060396,0,1.19,1.16605,0.313127,0.300366
1740579095080382,0,1.2,1.17263,0.328863,0.322504
1740579095100359,0,1.2,1.17932,0.334746,0.333667
1740579095120375,0,1.21,1.18589,0.328529,0.337396
1740579095140449,0,1.22,1.19226,0.318354,0.336772
1740579095160819,0,1.22,1.19854,0.31417,0.333681
1740579095180583,0,1.23,1.20481,0.313175,0.329226
1740579095200557,0,1.23,1.21097,0.308466,0.324238
1740579095220622,0,1.24,1.21695,0.298947,0.319256
1740579095240411,0,1.25,1.22278,0.291431,0.314359
1740579095260331,0,1.25,1.22865,0.293523,0.309403
1740579095280408,0,1.25,1.23455,0.29496,0.304509
1740579095300403,0,1.27,1.24029,0.287026,0.300053
1740579095320841,0,1.27,1.24599,0.285041,0.296214
1740579095340400,0,1.28,1.25196,0.298196,0.293045
1740579095360459,0,1.28,1.25824,0.314337,0.291064
1740579095380441,0,1.28,1.26458,0.316781,0.291189
1740579095400351,0,1.28,1.27044,0.292867,0.29362
1740579095420559,0,1.3,1.27548,0.25236,0.296687
1740579095440657,0,1.3,1.28002,0.22704,0.297162
1740579095460374,0,1.3,1.28455,0.226277,0.29229
1740579095480400,0,1.3,1.28908,0.226343,0.281744
1740579095500515,0,1.31,1.29334,0.213361,0.267422
1740579095521127,0,1.32,1.29739,0.202227,0.251704
1740579095540353,0,1.32,1.30157,0.208908,0.236451
1740579095560815,0,1.32,1.30604,0.223547,0.223332
1740579095580439,0,1.33,1.31062,0.228977,0.21402
1740579095600603,0,1.32,1.31504,0.221115,0.20943
1740579095620483,0,1.32,1.31889,0.192595,0.208743
1740579095640454,0,1.33,1.32177,0.143719,0.209087
1740579095660381,0,1.33,1.32376,0.0994563,0.206215
1740579095680354,0,1.33,1.32528,0.076288,0.196341
1740579095700396,0,1.33,1.3266,0.0660241,0.178174
1740579095720475,0,1.33,1.32776,0.0579,0.153467
1740579095740367,0,1.33,1.32872,0.0480711,0.125776
1740579095760349,0,1.34,1.32955,0.0415206,0.0987497
1740579095780415,0,1.34,1.33055,0.0498652,0.0752275
1740579095800331,0,1.31,1.33169,0.0572205,0.0572136
1740579095820361,0,1.31,1.33203,0.0168025,0.0453786
1740579095840418,0,1.32,1.33059,-0.0718355,0.0373928
1740579095860362,0,1.32,1.32764,-0.147545,0.0273611
1740579095880375,0,1.32,1.32423,-0.170344,0.00886949
1740579095900356,0,1.33,1.32136,-0.143653,-0.0201968
1740579095920551,0,1.33,1.31977,-0.079447,-0.0553091
1740579095940740,0,1.33,1.31982,0.00231862,-0.0869195
1740579095960748,0,1.33,1.32127,0.0727296,-0.104519
1740579095980579,0,1.33,1.32355,0.11363,-0.101028
1740579096000671,0,1.33,1.32601,0.123292,-0.0756703
1740579096020590,0,1.33,1.32819,0.108933,-0.034162
1740579096040482,0,1.33,1.32981,0.0809908,0.0135694
1740579096060353,0,1.33,1.3308,0.0492454,0.0568059
1740579096080332,0,1.34,1.33132,0.0259995,0.0871847
1740579096100366,0,1.34,1.33182,0.0254095,0.100791
1740579096120390,0,1.34,1.33275,0.0463724,0.0988991
1740579096140355,0,1.34,1.33416,0.0706613,0.0870445
1740579096160418,0,1.34,1.33584,0.083679,0.0724588
1740579096180368,0,1.34,1.33748,0.0822008,0.0610398
1740579096200352,0,1.34,1.33887,0.0691891,0.0554433
1740579096220376,0,1.34,1.33987,0.0499666,0.05497
1740579096240350,0,1.34,1.34046,0.0297487,0.0567831
1740579096260392,0,1.34,1.34071,0.0123262,0.0575617
1740579096280361,0,1.34,1.3407,-0.0002563,0.054853
1740579096300467,0,1.35,1.34065,-0.00250936,0.0478095
1740579096320434,0,1.35,1.34095,0.0150859,0.0374455
1740579096340548,0,1.35,1.34193,0.0490367,0.0265768
1740579096360690,0,1.35,1.34355,0.0806153,0.0191202
1740579096380533,0,1.35,1.34547,0.096029,0.0184946
1740579096400641,0,1.35,1.34734,0.0935197,0.0258546
1740579096420911,0,1.35,1.34889,0.0775933,0.0393635
1740579096440438,0,1.35,1.34999,0.0549018,0.0549187
1740579096460425,0,1.35,1.35062,0.0315607,0.0677601
1740579096480457,0,1.35,1.35086,0.0118732,0.0741009
1740579096500433,0,1.35,1.35082,-0.0020206,0.0721653
1740579096520394,0,1.35,1.35062,-0.00980496,0.0624145
1740579096540410,0,1.35,1.35037,-0.0124335,0.0470814
1740579096560425,0,1.35,1.35014,-0.011456,0.029317
1740579096580422,0,1.35,1.34997,-0.00850558,0.012281
1740579096600446,0,1.35,1.34987,-0.00497103,-0.00156768
1740579096620413,0,1.35,1.34984,-0.0017941,-0.0108525
1740579096640452,0,1.35,1.34985,0.00051856,-0.0153224
1740579096660578,0,1.35,1.34988,0.00183582,-0.0156369
1740579096680374,0,1.35,1.34993,0.00228882,-0.0130103
1740579096700396,0,1.35,1.34997,0.00210404,-0.00883347
1740579096720404,0,1.35,1.35,0.00157952,-0.00436224
1740579096740359,0,1.35,1.35002,0.000935793,-0.000520255
1740579096761174,0,1.35,1.35003,0.000363588,0.00217596
1740579096780548,0,1.35,1.35003,-5.96046e-05,0.00358994
1740579096800575,0,1.34,1.34992,-0.00540018,0.00382039
1740579096820612,0,1.34,1.3494,-0.0258744,0.00282116
1740579096840604,0,1.34,1.34822,-0.0593305,-0.000136574
1740579096860820,0,1.34,1.34645,-0.0884831,-0.00653262
1740579096880463,0,1.34,1.34443,-0.100815,-0.0176771
1740579096900825,0,1.34,1.34252,-0.095439,-0.0333763
1740579096920901,0,1.33,1.34087,-0.0824571,-0.0513989
1740579096940537,0,1.33,1.33929,-0.0788748,-0.0683551
1740579096960864,0,1.33,1.33752,-0.0885248,-0.0814698
1740579096980463,0,1.33,1.33556,-0.0981808,-0.0898844
1740579097000552,0,1.33,1.33362,-0.0971615,-0.0944455
1740579097020381,0,1.33,1.33192,-0.0846624,-0.0963882
1740579097040578,0,1.32,1.33053,-0.069648,-0.0962578
1740579097060618,0,1.32,1.32918,-0.0674784,-0.0939625
1740579097080597,0,1.35,1.32788,-0.0650644,-0.0895779
1740579097100453,0,1.34,1.32743,-0.0222802,-0.0833378
1740579097120690,0,1.34,1.32855,0.055629,-0.0741521
1740579097140452,0,1.34,1.33095,0.120175,-0.0588206
1740579097160410,0,1.34,1.33389,0.147158,-0.0340716
1740579097180445,0,1.34,1.33671,0.141102,0.000185563
1740579097200894,0,1.34,1.33898,0.113267,0.039577
1740579097220638,0,1.33,1.3404,0.0709414,0.0767
1740579097240845,0,1.33,1.34068,0.0140131,0.103695
1740579097260354,0,1.33,1.3397,-0.0488579,0.114364
1740579097280405,0,1.33,1.33775,-0.0976145,0.105525
1740579097300423,0,1.33,1.33535,-0.119829,0.0779232
1740579097321032,0,1.32,1.33292,-0.121617,0.0364406
1740579097340925,0,1.32,1.3305,-0.120902,-0.0111618
1740579097360465,0,1.32,1.32801,-0.12489,-0.0568055
1740579097380412,0,1.32,1.32552,-0.124407,-0.0945044
1740579097400373,0,1.32,1.32327,-0.112295,-0.121195
1740579097420396,0,1.32,1.32147,-0.0901878,-0.136071
1740579097440522,0,1.31,1.3201,-0.0683129,-0.139621
1740579097460588,0,1.31,1.31886,-0.0622869,-0.133338
1740579097480380,0,1.3,1.31728,-0.0789464,-0.120085
1740579097500356,0,1.3,1.31501,-0.113153,-0.104355
1740579097520626,0,1.3,1.31201,-0.150287,-0.0916108
1740579097540457,0,1.3,1.30859,-0.171077,-0.0866018
1740579097560497,0,1.29,1.30516,-0.171345,-0.0914358
1740579097580391,0,1.29,1.30185,-0.165445,-0.104721
1740579097601103,0,1.29,1.29864,-0.16073,-0.122526
1740579097620515,0,1.28,1.29554,-0.154841,-0.140347
1740579097640891,0,1.27,1.29238,-0.157911,-0.154745
1740579097660620,0,1.28,1.28886,-0.175959,-0.1643
1740579097680507,0,1.27,1.28506,-0.190288,-0.16979
1740579097700434,0,1.27,1.28128,-0.188905,-0.173179
1740579097720467,0,1.26,1.27764,-0.182092,-0.175993
1740579097740458,0,1.26,1.27402,-0.180739,-0.178595
1740579097760471,0,1.25,1.27027,-0.187379,-0.180768
1740579097780434,0,1.25,1.26627,-0.200176,-0.182597
1740579097800382,0,1.25,1.26206,-0.210619,-0.184745
1740579097820472,0,1.24,1.25785,-0.210363,-0.187964
1740579097840374,0,1.23,1.25366,-0.209522,-0.192401
1740579097860513,0,1.23,1.24922,-0.222188,-0.197611
1740579097880361,0,1.22,1.24434,-0.243598,-0.203374
1740579097900470,0,1.21,1.23899,-0.267857,-0.210265
1740579097920376,0,1.21,1.23308,-0.295174,-0.219423
1740579097940414,0,1.21,1.22684,-0.312352,-0.231854
1740579097960448,0,1.2,1.22072,-0.305861,-0.247545
1740579097980397,0,1.2,1.21506,-0.282955,-0.264683
1740579098000332,0,1.2,1.21001,-0.252664,-0.279785
1740579098020494,0,1.19,1.20565,-0.217688,-0.288875
1740579098040550,0,1.19,1.20189,-0.188226,-0.28891
1740579098060422,0,1.19,1.19851,-0.168842,-0.278817
1740579098080419,0,1.18,1.19541,-0.154901,-0.259839
1740579098100834,0,1.18,1.19243,-0.149435,-0.235056
1740579098120495,0,1.17,1.18929,-0.156736,-0.208491
1740579098140553,0,1.17,1.18581,-0.174248,-0.184347
1740579098160726,0,1.17,1.18197,-0.191677,-0.166324
1740579098180437,0,1.15,1.17789,-0.203919,-0.1568
1740579098200483,0,1.16,1.1735,-0.21975,-0.156309
1740579098220847,0,1.16,1.1689,-0.229865,-0.163723
1740579098240861,0,1.15,1.16457,-0.216401,-0.176625
1740579098260482,0,1.15,1.16076,-0.190675,-0.191368
1740579098280407,0,1.15,1.15741,-0.167376,-0.203591
1740579098300422,0,1.15,1.15456,-0.142843,-0.209533
1740579098320445,0,1.14,1.15219,-0.118119,-0.207112
1740579098340560,0,1.14,1.15008,-0.105798,-0.196217
1740579098360972,0,1.14,1.14792,-0.108039,-0.178679
1740579098380504,0,1.14,1.14569,-0.111216,-0.1579
1740579098400515,0,1.14,1.1436,-0.104791,-0.137674
1740579098420477,0,1.14,1.14183,-0.0881374,-0.120623
1740579098440449,0,1.14,1.14053,-0.0652015,-0.107299
1740579098460483,0,1.14,1.13971,-0.0410318,-0.0964369
1740579098480427,0,1.14,1.13931,-0.019747,-0.0859571
1740579098500378,0,1.14,1.13924,-0.00379682,-0.0740707
1740579098520427,0,1.13,1.13926,0.00104308,-0.0600551
1740579098540514,0,1.13,1.13896,-0.0148416,-0.0446891
1740579098561028,0,1.12,1.1379,-0.0529885,-0.0304432
1740579098581124,0,1.12,1.13581,-0.104684,-0.0211896
1740579098600670,0,1.14,1.13294,-0.143552,-0.0210043
1740579098620957,0,1.12,1.13014,-0.140059,-0.0319889
1740579098640410,0,1.12,1.12792,-0.110805,-0.0522292
1740579098660504,0,1.12,1.12609,-0.0916541,-0.0760246
1740579098680537,0,1.13,1.12451,-0.0790775,-0.0967489
1740579098700716,0,1.13,1.12349,-0.0506461,-0.109609
1740579098720528,0,1.13,1.12339,-0.00494123,-0.112086
1740579098740794,0,1.14,1.12429,0.0449657,-0.103035
1740579098760557,0,1.12,1.12597,0.0840068,-0.0823615
1740579098780410,0,1.15,1.128,0.101495,-0.0515674
1740579098800393,0,1.12,1.13007,0.103158,-0.0142519
1740579098820407,0,1.14,1.13187,0.0902355,0.0242908
1740579098840352,0,1.12,1.13303,0.0580847,0.0581728
1740579098860399,0,1.12,1.13319,0.00784993,0.0819214
1740579098880489,0,1.13,1.13217,-0.0509381,0.0911773
1740579098900476,0,1.11,1.13022,-0.0975132,0.0834851
1740579098920383,0,1.11,1.12754,-0.134116,0.059167
1740579098940382,0,1.11,1.12411,-0.171518,0.0213979
1740579098960449,0,1.11,1.12021,-0.195086,-0.0248521
1740579098980422,0,1.11,1.11638,-0.19123,-0.0738679
1740579099000476,0,1.11,1.11312,-0.162941,-0.119519
1740579099020446,0,1.11,1.11072,-0.120372,-0.155624
1740579099040540,0,1.11,1.10922,-0.0745893,-0.176974
1740579099060405,0,1.09,1.10833,-0.0444233,-0.180733
1740579099080456,0,1.09,1.10723,-0.0551701,-0.167789
1740579099100612,0,1.08,1.10505,-0.108892,-0.143623
1740579099120808,0,1.09,1.10156,-0.174809,-0.117625
1740579099140928,0,1.09,1.0973,-0.212663,-0.0999647
1740579099160477,0,1.09,1.09326,-0.202388,-0.0970679
1740579099180469,0,1.09,1.09014,-0.155967,-0.108453
1740579099200699,0,1.08,1.0881,-0.101691,-0.127171
1740579099220695,0,1.08,1.08677,-0.0665724,-0.143615
1740579099240428,0,1.08,1.08561,-0.0579476,-0.150308
1740579099260474,0,1.08,1.08438,-0.061661,-0.144846
1740579099280419,0,1.07,1.083,-0.0688851,-0.12973
1740579099300408,0,1.08,1.0814,-0.0799537,-0.110126
1740579099320409,0,1.07,1.07964,-0.0879228,-0.0914184
1740579099340566,0,1.07,1.07783,-0.0904977,-0.0775124
1740579099360764,0,1.07,1.07597,-0.0932276,-0.0700888
1740579099380537,0,1.07,1.07412,-0.0927448,-0.068806
1740579099400812,0,1.08,1.07254,-0.0785947,-0.0718975
1740579099420655,0,1.08,1.07171,-0.0417352,-0.0764682
1740579099440848,0,1.09,1.07205,0.0169158,-0.0785289
1740579099460469,0,1.06,1.07347,0.0709414,-0.0735507
1740579099480420,0,1.09,1.07521,0.0873029,-0.0582632
1740579099500396,0,1.08,1.07678,0.0784039,-0.0329226
1740579099520403,0,1.08,1.07821,0.0717044,-0.00175618
1740579099540610,0,1.08,1.07945,0.0618219,0.0291464
1740579099560379,0,1.08,1.08032,0.0433862,0.0543525
1740579099580453,0,1.08,1.08079,0.0234246,0.0702821
1740579099600481,0,1.07,1.08082,0.00143647,0.0754103
1740579099620604,0,1.09,1.08041,-0.0204265,0.0700627
1740579099640665,0,1.07,1.07982,-0.0294328,0.0560551
1740579099660772,0,1.08,1.07924,-0.0289023,0.036419
1740579099680511,0,1.07,1.07858,-0.0328958,0.014885
1740579099700634,0,1.08,1.07779,-0.0398278,-0.00518632
1740579099720914,0,1.07,1.07693,-0.0426769,-0.0217059
1740579099740552,0,1.07,1.07603,-0.0448585,-0.033916
1740579099760705,0,1.09,1.07518,-0.0425518,-0.0419405
1740579099780909,0,1.08,1.07488,-0.0154257,-0.0460769
1740579099800838,0,1.09,1.07557,0.0348091,-0.0457826
1740579099820762,0,1.08,1.07721,0.0817537,-0.039246
1740579099840769,0,1.08,1.07926,0.102782,-0.0246113
1740579099860538,0,1.09,1.08117,0.0951588,-0.00212836
1740579099880412,0,1.09,1.0828,0.0817001,0.0248611
1740579099900650,0,1.09,1.08437,0.0784814,0.0512405
1740579099921176,0,1.08,1.08584,0.0734508,0.0725403
1740579099940636,0,1.09,1.0869,0.0530005,0.0862157
1740579099960679,0,1.07,1.08726,0.0181258,0.0911742
1740579099980433,0,1.08,1.08668,-0.0290811,0.0868052
1740579100000740,0,1.06,1.08497,-0.0856817,0.0725311
1740579100020455,0,1.06,1.08199,-0.148517,0.0478788
1740579100040593,0,1.06,1.0778,-0.209576,0.0128044
1740579100060526,0,1.08,1.07308,-0.236046,-0.0315993
1740579100080385,0,1.07,1.06912,-0.197995,-0.081666
1740579100100668,0,1.06,1.06671,-0.120807,-0.129907
1740579100120613,0,1.07,1.06558,-0.0562429,-0.166279
1740579100140536,0,1.08,1.06539,-0.0095129,-0.182276
1740579100160850,0,1.08,1.06627,0.0440657,-0.174418
1740579100180663,0,1.08,1.06831,0.102085,-0.144373
1740579100200935,0,1.06,1.07096,0.132263,-0.0971337
1740579100220631,0,1.08,1.07322,0.112879,-0.0400677
1740579100240528,0,1.06,1.07445,0.0615478,0.0171913
1740579100260595,0,1.05,1.0743,-0.00743866,0.0638848
1740579100280630,0,1.06,1.07243,-0.0936687,0.0904877
1740579100300597,0,1.06,1.06913,-0.164855,0.0909535
1740579100320569,0,1.04,1.06518,-0.19747,0.0644412
1740579100340809,0,1.02,1.06065,-0.226676,0.0159205
1740579100360688,0,1.03,1.05496,-0.284106,-0.0459702
1740579100380577,0,1.01,1.048,-0.348359,-0.112999
1740579100400483,0,1.03,1.04031,-0.384212,-0.179687
1740579100420514,0,1.02,1.03294,-0.368577,-0.242197
1740579100440419,0,1.02,1.02687,-0.303519,-0.295813
1740579100460477,0,1.01,1.02239,-0.224036,-0.334012
1740579100480419,0,1.03,1.01933,-0.153232,-0.35029
1740579100500455,0,1.03,1.01778,-0.0774086,-0.341004
1740579100520629,0,1.03,1.018,0.0110328,-0.306473
1740579100540843,0,1.03,1.01978,0.0888705,-0.250075
1740579100560540,0,1.03,1.02246,0.134099,-0.177362
1740579100580764,0,1.02,1.02524,0.13901,-0.0960666
1740579100600420,0,1.02,1.02726,0.101382,-0.0160419
1740579100621120,0,1.02,1.02797,0.0352323,0.0517677
1740579100640577,0,1.02,1.02735,-0.030905,0.097463
1740579100660687,0,1.02,1.02583,-0.0762284,0.11497
1740579100680449,0,1.02,1.02392,-0.095278,0.104187
1740579100700842,0,1.01,1.02198,-0.0968874,0.0711241
1740579100720534,0,1.01,1.02,-0.0991166,0.0256935
1740579100740649,0,1,1.01774,-0.113255,-0.0218522
1740579100760466,0,1,1.01496,-0.138921,-0.0641234
1740579100780548,0,0.99,1.01154,-0.170714,-0.0980242
1740579100800744,0,0.99,1.0075,-0.202388,-0.124209
1740579100820918,0,0.99,1.00301,-0.224054,-0.145337
1740579100840544,0,0.97,0.998352,-0.233117,-0.164092
1740579100860514,0,0.97,0.993419,-0.246686,-0.181973
1740579100880756,0,0.96,0.987945,-0.273666,-0.199495
1740579100900554,0,0.96,0.981921,-0.301206,-0.217126
1740579100920541,0,0.95,0.975578,-0.317162,-0.235537
1740579100940588,0,0.94,0.969095,-0.32413,-0.254928
1740579100960656,0,0.93,0.962392,-0.33516,-0.274615
1740579100980532,0,0.92,0.955231,-0.358033,-0.293609
1740579101000570,0,0.92,0.947525,-0.385341,-0.311583
1740579101020567,0,0.9,0.939407,-0.40586,-0.329088
1740579101040561,0,0.9,0.930991,-0.420824,-0.346876
1740579101060544,0,0.9,0.922473,-0.425911,-0.365105
1740579101080556,0,0.89,0.914341,-0.40659,-0.382848
1740579101100772,0,0.9,0.907124,-0.360849,-0.397713
1740579101120535,0,0.89,0.901246,-0.293893,-0.405801
1740579101140471,0,0.88,0.896766,-0.224018,-0.402566
1740579101160689,0,0.87,0.893071,-0.184712,-0.384711
1740579101180589,0,0.87,0.889313,-0.187922,-0.352558
1740579101200647,0,0.85,0.884896,-0.220874,-0.311317
1740579101220731,0,0.85,0.879433,-0.273111,-0.269982
1740579101240755,0,0.84,0.872808,-0.33128,-0.238428
1740579101260568,0,0.84,0.865328,-0.373974,-0.224236
1740579101280496,0,0.82,0.857443,-0.394255,-0.230323
1740579101300513,0,0.83,0.849458,-0.399253,-0.254208
1740579101320516,0,0.81,0.841653,-0.39027,-0.28924
1740579101340470,0,0.8,0.834103,-0.37747,-0.327033
1740579101360876,0,0.78,0.826363,-0.386995,-0.360192
1740579101380583,0,0.78,0.817835,-0.426435,-0.384832
1740579101400645,0,0.76,0.808297,-0.476885,-0.401775
1740579101420728,0,0.76,0.797912,-0.519243,-0.415342
1740579101440484,0,0.75,0.787106,-0.540304,-0.430374
1740579101460985,0,0.74,0.776419,-0.534371,-0.449386
1740579101480595,0,0.74,0.766272,-0.507325,-0.471254
1740579101500561,0,0.74,0.757089,-0.459164,-0.491718
1740579101520494,0,0.71,0.749096,-0.399637,-0.504995
1740579101540556,0,0.71,0.741781,-0.365731,-0.505986
1740579101560548,0,0.69,0.734248,-0.376683,-0.492932
1740579101580540,0,0.7,0.72603,-0.410876,-0.469184
1740579101600563,0,0.7,0.717514,-0.42583,-0.442033
1740579101620463,0,0.7,0.709715,-0.389907,-0.418515
1740579101640764,0,0.66,0.703135,-0.329024,-0.401177
1740579101660709,0,0.65,0.696828,-0.315329,-0.387697
1740579101680527,0,0.66,0.689467,-0.368086,-0.37516
1740579101700707,0,0.65,0.680951,-0.425768,-0.364434
1740579101720954,0,0.63,0.671954,-0.449869,-0.359684
1740579101740437,0,0.63,0.662769,-0.459245,-0.364282
1740579101760461,0,0.61,0.653387,-0.469103,-0.3782
1740579101780474,0,0.59,0.643605,-0.489119,-0.398753
1740579101800462,0,0.6,0.633136,-0.523424,-0.422817
1740579101820609,0,0.56,0.622004,-0.556606,-0.44843
1740579101840514,0,0.54,0.609983,-0.601044,-0.475084
1740579101860471,0,0.54,0.596486,-0.674859,-0.503608
1740579101880491,0,0.54,0.581789,-0.734827,-0.536022
1740579101900460,0,0.52,0.567115,-0.733706,-0.57387
1740579101920854,0,0.52,0.553484,-0.681576,-0.615141
1740579101941049,0,0.53,0.541577,-0.595343,-0.652907
1740579101960700,0,0.51,0.532033,-0.477207,-0.677111
1740579101980586,0,0.51,0.524901,-0.356603,-0.677894
1740579102000481,0,0.52,0.519705,-0.259772,-0.648942
1740579102020457,0,0.5,0.51606,-0.18225,-0.589919
1740579102040549,0,0.51,0.513491,-0.128487,-0.506727
1740579102060426,0,0.49,0.511329,-0.108087,-0.409755
1740579102080533,0,0.46,0.508582,-0.137323,-0.311716
1740579102100496,0,0.44,0.503648,-0.24671,-0.226327
1740579102120610,0,0.41,0.494917,-0.436568,-0.167969
1740579102140928,0,0.4,0.481633,-0.664215,-0.15088
1740579102160775,0,0.39,0.464336,-0.86484,-0.186102
1740579102180971,0,0.38,0.444722,-0.980669,-0.27649
1740579102200846,0,0.37,0.42483,-0.994636,-0.412585
1740579102221017,0,0.4,0.406685,-0.907226,-0.572358
1740579102240546,0,0.42,0.39273,-0.697771,-0.725077
1740579102260790,0,0.42,0.38525,-0.37396,-0.836912
1740579102280998,0,0.43,0.384911,-0.0169501,-0.877002
1740579102300756,0,0.45,0.390719,0.290368,-0.824698
1740579102320893,0,0.45,0.401057,0.516888,-0.676441
1740579102340722,0,0.45,0.413958,0.645068,-0.448309
1740579102360566,0,0.43,0.426951,0.649676,-0.172779
1740579102380485,0,0.43,0.437448,0.524829,0.107939
1740579102400938,0,0.42,0.443634,0.30928,0.349708
1740579102420818,0,0.41,0.444929,0.0647813,0.514795
1740579102441056,0,0.4,0.441659,-0.163494,0.579656
1740579102460515,0,0.4,0.434758,-0.345096,0.53972
1740579102480696,0,0.39,0.425619,-0.456935,0.409418
1740579102500463,0,0.38,0.415602,-0.50084,0.217838
1740579102520566,0,0.38,0.405647,-0.497775,0.00148233
1740579102540851,0,0.38,0.396479,-0.458381,-0.203954
1740579102561026,0,0.37,0.388687,-0.389579,-0.370289
1740579102580663,0,0.36,0.382331,-0.317793,-0.480523
1740579102600759,0,0.35,0.376841,-0.274532,-0.529905
1740579102620873,0,0.35,0.371504,-0.266828,-0.525226
1740579102640524,0,0.35,0.366049,-0.272749,-0.482047
1740579102660500,0,0.34,0.360651,-0.269927,-0.419639
1740579102680519,0,0.34,0.355491,-0.258006,-0.355269
1740579102701029,0,0.34,0.350684,-0.240348,-0.300402
1740579102720646,0,0.34,0.346464,-0.211008,-0.259796
1740579102740651,0,0.34,0.343096,-0.168368,-0.232544
1740579102760529,0,0.33,0.340614,-0.124082,-0.214017
1740579102780588,0,0.33,0.338682,-0.0966147,-0.198402
1740579102800884,0,0.33,0.336878,-0.090231,-0.181372
1740579102820950,0,0.32,0.334956,-0.0960737,-0.161714
1740579102840612,0,0.31,0.332611,-0.11726,-0.141237
1740579102860533,0,0.32,0.32953,-0.154048,-0.123626
1740579102880533,0,0.32,0.325953,-0.178845,-0.112938
1740579102900563,0,0.32,0.322599,-0.167699,-0.111581
1740579102920603,0,0.32,0.320042,-0.127876,-0.118343
1740579102940485,0,0.32,0.318476,-0.0782758,-0.128179
1740579102960703,0,0.31,0.317725,-0.0375688,-0.134354
1740579102980728,0,0.32,0.317356,-0.0184566,-0.13158
1740579103000720,0,0.32,0.317137,-0.0109419,-0.118238
1740579103020559,0,0.31,0.317062,-0.00371784,-0.0964478
1740579103040511,0,0.31,0.316893,-0.00847578,-0.0704927
1740579103060586,0,0.27,0.315869,-0.0512004,-0.0454712
1740579103080724,0,0.29,0.312915,-0.147682,-0.0273673
1740579103100563,0,0.3,0.307908,-0.250357,-0.0232542
1740579103120992,0,0.3,0.302287,-0.281028,-0.0389883
1740579103140485,0,0.3,0.297711,-0.228818,-0.0744422
1740579103160474,0,0.3,0.294964,-0.137329,-0.120685
1740579103180545,0,0.3,0.29405,-0.0457421,-0.162724
1740579103200590,0,0.3,0.294535,0.02428,-0.186036
1740579103220561,0,0.3,0.295838,0.0651553,-0.182363
1740579103240503,0,0.3,0.297416,0.0788793,-0.152017
1740579103260540,0,0.3,0.298867,0.0725538,-0.102643
1740579103280932,0,0.3,0.299963,0.0548184,-0.0458304
1740579103300577,0,0.31,0.300733,0.0384808,0.00678244
1740579103321079,0,0.31,0.301519,0.0393093,0.0467629
1740579103340669,0,0.31,0.302683,0.0581905,0.0708346
1740579103360516,0,0.31,0.304258,0.0787303,0.0808955
1740579103380923,0,0.31,0.306013,0.0877798,0.0819921
1740579103401067,0,0.31,0.307674,0.0830188,0.0793874
1740579103420572,0,0.31,0.30903,0.0678122,0.0764067
1740579103440631,0,0.32,0.310082,0.0526011,0.073927
1740579103460703,0,0.32,0.311134,0.0525847,0.0713513
1740579103480612,0,0.32,0.312515,0.0690579,0.0682478
1740579103500954,0,0.32,0.314243,0.0864089,0.0653834
1740579103520767,0,0.32,0.316088,0.0922397,0.0642953
1740579103540570,0,0.32,0.317783,0.0847772,0.0659369
1740579103560535,0,0.33,0.319238,0.0727534,0.0697691
1740579103580563,0,0.33,0.320673,0.0717521,0.0741327
1740579103600727,0,0.33,0.322362,0.0844434,0.0775804
1740579103620941,0,0.33,0.324298,0.0967935,0.0799214
1740579103640991,0,0.34,0.326354,0.102809,0.082018
1740579103660526,0,0.34,0.32859,0.111771,0.0848605
1740579103681031,0,0.34,0.331099,0.125486,0.0890924
1740579103700468,0,0.34,0.333739,0.132,0.0950377
1740579103720618,0,0.34,0.336206,0.123353,0.102477
1740579103740640,0,0.34,0.338238,0.101565,0.110164
1740579103760903,0,0.35,0.339795,0.0778645,0.115848
1740579103780727,0,0.34,0.341072,0.0638649,0.117187
1740579103800844,0,0.34,0.342113,0.0520468,0.112931
1740579103820978,0,0.34,0.34271,0.0298604,0.103265
1740579103840486,0,0.34,0.342761,0.00253767,0.0890822
1740579103860701,0,0.34,0.342375,-0.019297,0.0712531
1740579103880813,0,0.34,0.341745,-0.0315338,0.0507021
1740579103900916,0,0.35,0.341159,-0.0292569,0.0288943
1740579103920500,0,0.35,0.341065,-0.00469834,0.00820744
1740579103940650,0,0.35,0.341801,0.036785,-0.00800557
1740579103960605,0,0.35,0.343301,0.0750139,-0.0160182
1740579103980519,0,0.35,0.345209,0.0953853,-0.0132047
1740579104000704,0,0.35,0.347127,0.0958905,0.000379579
1740579104020936,0,0.34,0.34865,0.0761673,0.0214556
1740579104040942,0,0.34,0.349312,0.0330985,0.0442303
1740579104060700,0,0.33,0.348721,-0.0295639,0.0617317
1740579104080712,0,0.33,0.346722,-0.0999466,0.0673226
1740579104100525,0,0.33,0.343506,-0.160789,0.0563175
1740579104120686,0,0.33,0.339639,-0.19335,0.0275291
1740579104140536,0,0.33,0.335821,-0.190923,-0.0157547
1740579104160988,0,0.32,0.3325,-0.166047,-0.0660966
1740579104180474,0,0.32,0.329666,-0.141676,-0.114002
1740579104201206,0,0.32,0.327107,-0.127961,-0.15114
1740579104220783,0,0.32,0.324776,-0.11656,-0.172913
1740579104240518,0,0.33,0.322885,-0.0945628,-0.178897
1740579104260685,0,0.33,0.321848,-0.0518396,-0.17122
1740579104280629,0,0.32,0.321867,0.000974536,-0.152425
1740579104300606,0,0.32,0.322519,0.032571,-0.124574
1740579104320961,0,0.33,0.323217,0.0349209,-0.0901479
1740579104340704,0,0.33,0.323885,0.0333726,-0.053108
1740579104360545,0,0.33,0.324753,0.0434026,-0.0181794
1740579104380582,0,0.31,0.325677,0.046216,0.0109787
1740579104400657,0,0.3,0.325802,0.00624061,0.0322324
1740579104420765,0,0.31,0.324214,-0.0794008,0.043359
1740579104440893,0,0.3,0.32088,-0.166687,0.0407512
1740579104460682,0,0.29,0.316339,-0.227036,0.0208101
1740579104480617,0,0.29,0.310981,-0.267909,-0.0171467
1740579104500584,0,0.28,0.3051,-0.294067,-0.0695393
1740579104520657,0,0.28,0.299018,-0.304079,-0.129577
1740579104540712,0,0.28,0.293099,-0.295982,-0.189236
1740579104560498,0,0.28,0.287808,-0.264554,-0.240864
1740579104580437,0,0.28,0.283571,-0.211824,-0.278064
1740579104600443,0,0.28,0.280597,-0.148717,-0.296186
1740579104620520,0,0.28,0.278853,-0.0871867,-0.292863
1740579104640600,0,0.28,0.27813,-0.0361457,-0.268574
1740579104660611,0,0.28,0.278129,-6.70552e-05,-0.226821
1740579104680696,0,0.28,0.278541,0.0206262,-0.173603
1740579104700986,0,0.28,0.279108,0.0283509,-0.116263
1740579104720629,0,0.27,0.279545,0.0218451,-0.0620996
1740579104740981,0,0.27,0.279444,-0.00506192,-0.0173135
1740579104760552,0,0.27,0.278509,-0.0467718,0.0134306
1740579104780761,0,0.27,0.276837,-0.0835836,0.0272862
1740579104800897,0,0.27,0.274804,-0.101635,0.0239088
1740579104820694,0,0.27,0.272812,-0.0996277,0.00613424
1740579104840631,0,0.27,0.271156,-0.0828013,-0.0202759
1740579104860676,0,0.27,0.269985,-0.0585243,-0.0480589
1740579104880628,0,0.26,0.269213,-0.0385866,-0.0704651
1740579104900605,0,0.26,0.268456,-0.0378639,-0.083185
1740579104920943,0,0.26,0.267326,-0.0564829,-0.085613
1740579104940781,0,0.27,0.265879,-0.0723496,-0.0806837
1740579104960751,0,0.27,0.264646,-0.061664,-0.072832
1740579104980602,0,0.27,0.264166,-0.0240311,-0.0650751
1740579105000596,0,0.27,0.264565,0.0199944,-0.0573474
1740579105020617,0,0.27,0.265616,0.0525281,-0.047312
1740579105040621,0,0.27,0.266969,0.0676274,-0.0327035
1740579105060490,0,0.27,0.268303,0.0667378,-0.0132626
1740579105080463,0,0.27,0.269401,0.0548705,0.00882903
1740579105101177,0,0.27,0.270158,0.037843,0.0298401
1740579105120806,0,0.28,0.270671,0.0256687,0.0459922
1740579105140582,0,0.27,0.271205,0.0267044,0.054944
1740579105160570,0,0.28,0.271908,0.0351533,0.0566825
1740579105180925,0,0.28,0.272832,0.0461727,0.0533344
1740579105201182,0,0.27,0.27396,0.0564054,0.0480577
1740579105220767,0,0.28,0.275036,0.0538379,0.0436674
1740579105240752,0,0.28,0.275896,0.042963,0.0415299
1740579105260571,0,0.28,0.276671,0.0387743,0.0413419
1740579105280658,0,0.28,0.277473,0.0400946,0.0419967
1740579105300530,0,0.28,0.278269,0.0397757,0.0426061
1740579105320585,0,0.28,0.278983,0.0357136,0.0427581
1740579105340528,0,0.28,0.279553,0.0285104,0.0422242
1740579105360751,0,0.28,0.27995,0.0198409,0.040719
1740579105380727,0,0.29,0.28028,0.016512,0.0379705
1740579105400513,0,0.29,0.280879,0.0299662,0.0341451
1740579105420585,0,0.29,0.282052,0.0586033,0.030425
1740579105440601,0,0.29,0.283754,0.0851333,0.029034
1740579105460552,0,0.29,0.285687,0.0966281,0.032185
1740579105480827,0,0.29,0.287519,0.0916332,0.0405683
1740579105500849,0,0.29,0.289011,0.0745893,0.052599
1740579105520650,0,0.29,0.290048,0.0518247,0.0649269
1740579105540562,0,0.29,0.290629,0.0290617,0.0737549
1740579105560606,0,0.29,0.290834,0.0102282,0.0762018
1740579105580624,0,0.29,0.290777,-0.00281036,0.0711553
1740579105600529,0,0.29,0.290579,-0.00991523,0.0594184
1740579105621132,0,0.29,0.290337,-0.0121012,0.0432586
1740579105645164,0,0.29,0.290119,-0.0109196,0.0256312
1740579105660595,0,0.29,0.289959,-0.00795573,0.00937428
1740579105680873,0,0.29,0.289869,-0.00451654,-0.00340056
1740579105700997,0,0.29,0.289839,-0.00149161,-0.0116132
1740579105720550,0,0.28,0.289751,-0.00442117,-0.0152678
1740579105740826,0,0.28,0.289279,-0.0236094,-0.0154859
1740579105760697,0,0.28,0.288144,-0.0567228,-0.0145879
1740579105780516,0,0.28,0.28642,-0.0861898,-0.0157228
1740579105800763,0,0.27,0.284335,-0.104257,-0.0216662
1740579105820583,0,0.27,0.281936,-0.119986,-0.0335578
1740579105840609,0,0.27,0.279215,-0.136019,-0.0506922
1740579105860586,0,0.26,0.276279,-0.14683,-0.0712327
1740579105880556,0,0.26,0.273157,-0.156075,-0.0929741
1740579105900896,0,0.26,0.269862,-0.164758,-0.11388
1740579105920975,0,0.26,0.266612,-0.162505,-0.132375
1740579105940559,0,0.26,0.263738,-0.143681,-0.147151
1740579105960540,0,0.25,0.261389,-0.117455,-0.156734
1740579105980526,0,0.24,0.259257,-0.1066,-0.159738
1740579106000893,0,0.24,0.256734,-0.126173,-0.156111
1740579106020785,0,0.24,0.253505,-0.161427,-0.148322
1740579106041056,0,0.24,0.249814,-0.184548,-0.140848
1740579106061234,0,0.23,0.246075,-0.186944,-0.137839
1740579106080721,0,0.22,0.242349,-0.186314,-0.140938
1740579106100611,0,0.23,0.238448,-0.195044,-0.149176
1740579106120645,0,0.22,0.234467,-0.19904,-0.160424
1740579106140643,0,0.22,0.230685,-0.189095,-0.172443
1740579106160718,0,0.21,0.227151,-0.176728,-0.183012
1740579106180559,0,0.21,0.223693,-0.172871,-0.190187
1740579106200594,0,0.21,0.220206,-0.174354,-0.193038
1740579106220570,0,0.2,0.21674,-0.173336,-0.191983
1740579106240493,0,0.2,0.213283,-0.17285,-0.188308
1740579106260658,0,0.2,0.209805,-0.173884,-0.183484
1740579106280595,0,0.2,0.206483,-0.166108,-0.178679
1740579106300662,0,0.2,0.203607,-0.143764,-0.174265
1740579106320804,0,0.21,0.201497,-0.105526,-0.169328
1740579106340919,0,0.21,0.200532,-0.0482418,-0.161571
1740579106360501,0,0.21,0.200918,0.0192963,-0.147743
1740579106380565,0,0.2,0.202324,0.070294,-0.124749
1740579106400576,0,0.2,0.203928,0.0802062,-0.0915738
1740579106420899,0,0.2,0.204942,0.0507042,-0.0511192
1740579106440576,0,0.19,0.204958,0.000788271,-0.0103312
1740579106460680,0,0.19,0.203797,-0.0580482,0.0219382
1740579106480594,0,0.19,0.201509,-0.114386,0.0380172
1740579106500626,0,0.19,0.198509,-0.150014,0.0339083
1740579106520792,0,0.19,0.195387,-0.156078,0.0106123
1740579106540986,0,0.19,0.192646,-0.137052,-0.0259584
1740579106560608,0,0.19,0.190585,-0.103047,-0.0666354
1740579106580549,0,0.19,0.189293,-0.064633,-0.101703
1740579106600840,0,0.19,0.188693,-0.0299804,-0.123582
1740579106620696,0,0.19,0.188617,-0.00382885,-0.12855
1740579106640600,0,0.19,0.188863,0.0123255,-0.11712
1740579106660585,0,0.2,0.189353,0.0244841,-0.0931739
1740579106680674,0,0.2,0.190255,0.0451133,-0.0621864
1740579106700724,0,0.19,0.191647,0.0696108,-0.0291945
1740579106720459,0,0.19,0.193105,0.0728801,0.00227314
1740579106740440,0,0.19,0.194032,0.0463538,0.0295864
1740579106760558,0,0.19,0.194182,0.00751615,0.0498609
1740579106780766,0,0.19,0.193669,-0.0256479,0.0600471
1740579106800752,0,0.19,0.192759,-0.0454992,0.0583298
1740579106821040,0,0.19,0.191733,-0.0513375,0.0454096
1740579106840740,0,0.19,0.190806,-0.0463098,0.0246192
1740579106860614,0,0.2,0.190209,-0.0298768,0.000974851
1740579106880555,0,0.2,0.190286,0.0038445,-0.0200539
1740579106900600,0,0.2,0.191275,0.0494577,-0.0334506
1740579106920595,0,0.2,0.193031,0.0878215,-0.0354382
1740579106940602,0,0.19,0.195045,0.100707,-0.0246034
1740579106960731,0,0.2,0.196694,0.0824265,-0.00301948
1740579106980523,0,0.2,0.197718,0.0512108,0.0237407
1740579107000584,0,0.2,0.198317,0.0299573,0.0484522
1740579107020674,0,0.2,0.198734,0.0208378,0.065173
1740579107040940,0,0.2,0.199073,0.0169322,0.0713153
1740579107060582,0,0.2,0.199365,0.0146136,0.0677301
1740579107080651,0,0.2,0.199611,0.0123195,0.0574008
1740579107100623,0,0.2,0.199805,0.00966638,0.0439057
1740579107120537,0,0.2,0.199941,0.00682846,0.0303105
1740579107140701,0,0.2,0.200024,0.00415295,0.0186412
1740579107160613,0,0.2,0.200063,0.00193715,0.00983071
1740579107180954,0,0.19,0.199968,-0.00474826,0.0038974
1740579107200640,0,0.19,0.199446,-0.026089,1.91046e-05
1740579107220802,0,0.19,0.198247,-0.0599794,-0.00357779
1740579107240881,0,0.19,0.196462,-0.0892438,-0.00937302
1740579107260781,0,0.19,0.194432,-0.101471,-0.0194548
1740579107280619,0,0.19,0.192515,-0.0958882,-0.0341276
1740579107300695,0,0.19,0.190963,-0.0775933,-0.0513516
1740579107320702,0,0.19,0.189894,-0.0534393,-0.0674292
1740579107340862,0,0.19,0.189304,-0.0294901,-0.0784325
1740579107360627,0,0.19,0.189107,-0.00983626,-0.0815916
1740579107380676,0,0.19,0.18918,0.00362918,-0.0761011
1740579107400535,0,0.19,0.189397,0.0108369,-0.0631798
1740579107420653,0,0.19,0.189655,0.0129052,-0.0455235
1740579107440697,0,0.19,0.189885,0.0114895,-0.0264492
1740579107460656,0,0.19,0.19005,0.00827014,-0.00904224
1740579107480818,0,0.19,0.190142,0.00461414,0.00446636
1740579107500620,0,0.19,0.190171,0.00143498,0.0129903
1740579107520764,0,0.19,0.190155,-0.000808388,0.0165561
1740579107540698,0,0.18,0.190013,-0.00711903,0.0159871
1740579107560622,0,0.19,0.189557,-0.0227585,0.0123177
1740579107580523,0,0.19,0.188846,-0.0355937,0.00625471
1740579107600876,0,0.19,0.18823,-0.0307843,-0.0016757
1740579107620868,0,0.19,0.187963,-0.0133209,-0.0103472
1740579107641102,0,0.19,0.188063,0.00497624,-0.0177051
1740579107660582,0,0.19,0.188425,0.0181101,-0.0214946
1740579107680823,0,0.19,0.18891,0.0242673,-0.0203775
1740579107700926,0,0.19,0.189395,0.0242226,-0.0145424
1740579107720571,0,0.19,0.189794,0.019972,-0.00556019
1740579107740507,0,0.19,0.190069,0.0137493,0.00426674
1740579107760621,0,0.19,0.190218,0.00741258,0.0126864
1740579107780805,0,0.19,0.190261,0.00218451,0.0181073
1740579107800822,0,0.19,0.190234,-0.00137612,0.0198882
1740579107820815,0,0.19,0.190169,-0.00323504,0.0183068
1740579107840857,0,0.19,0.190095,-0.00370219,0.0142987
1740579107860628,0,0.19,0.19003,-0.0032343,0.00909737
1740579107880714,0,0.19,0.189984,-0.00229403,0.00389341
1740579107900799,0,0.19,0.189959,-0.00125617,-0.000408925
1740579107920637,0,0.19,0.189952,-0.000368059,-0.00330712
1740579107941024,0,0.19,0.189957,0.000251085,-0.00469686
1740579107960542,0,0.19,0.189969,0.0005804,-0.00478438
1740579107980822,0,0.19,0.189982,0.000667572,-0.00395837
1740579108000556,0,0.19,0.189994,0.000587106,-0.00266116
1740579108020778,0,0.19,0.190002,0.000422448,-0.00128688
1740579108040612,0,0.19,0.190007,0.000236183,-0.000119891
1740579108060624,0,0.19,0.190008,7.59959e-05,0.000686028
1740579108080705,0,0.19,0.190008,-3.72529e-05,0.00109602
1740579108100793,0,0.19,0.190006,-9.90927e-05,0.00116268
1740579108120642,0,0.19,0.190003,-0.000116974,0.000987405
1740579108140603,0,0.19,0.190001,-0.000104308,0.000684586
1740579108160639,0,0.19,0.19,-7.6741e-05,0.000355047
1740579108180544,0,0.19,0.189999,-4.39584e-05,7.088e-05
1740579108200588,0,0.19,0.189999,-1.49012e-05,-0.000128964
1740579108221085,0,0.19,0.189999,5.21541e-06,-0.000235057
1740579108240581,0,0.19,0.189999,1.71363e-05,-0.000259313
1740579108260514,0,0.19,0.189999,2.08616e-05,-0.000225386
1740579108280628,0,0.19,0.19,1.86265e-05,-0.000160027
1740579108300784,0,0.19,0.19,1.3411e-05,-8.68174e-05
1740579108320599,0,0.19,0.19,8.19564e-06,-2.26657e-05
1740579108340660,0,0.19,0.19,2.98023e-06,2.31949e-05
1740579108360734,0,0.19,0.19,-7.45058e-07,4.83366e-05
1740579108380654,0,0.19,0.19,-2.98023e-06,5.52134e-05
1740579108400598,0,0.19,0.19,-2.98023e-06,4.89689e-05
1740579108420889,0,0.19,0.19,-3.72529e-06,3.54874e-05
1740579108440734,0,0.19,0.19,-2.23517e-06,1.99669e-05
1740579108460555,0,0.19,0.19,-1.49012e-06,6.14659e-06
1740579108480529,0,0.19,0.19,-7.45058e-07,-3.89676e-06
1740579108500851,0,0.19,0.19,0,-9.56986e-06
1740579108520489,0,0.19,0.19,7.45058e-07,-1.13438e-05
1740579108540516,0,0.19,0.19,7.45058e-07,-1.02696e-05
1740579108560683,0,0.19,0.19,0,-7.57997e-06
1740579108580514,0,0.19,0.19,7.45058e-07,-4.39424e-06
1740579108600548,0,0.19,0.19,0,-1.52171e-06
1740579108620915,0,0.19,0.19,7.45058e-07,5.97463e-07
1740579108640545,0,0.19,0.19,0,1.83971e-06
1740579108660600,0,0.19,0.19,-7.45058e-07,2.28647e-06
1740579108680556,0,0.19,0.19,0,2.12046e-06
1740579108700652,0,0.19,0.19,0,1.58315e-06
1740579108720587,0,0.19,0.19,0,9.23554e-07
1740579108740603,0,0.19,0.19,0,3.2688e-07
1740579108760732,0,0.19,0.19,0,-1.08654e-07
1740579108781005,0,0.19,0.19,0,-3.56594e-07
1740579108800524,0,0.19,0.19,0,-4.39051e-07
1740579108820680,0,0.19,0.19,0,-4.03069e-07
1740579108840544,0,0.19,0.19,0,-3.01352e-07
1740579108860736,0,0.19,0.19,0,-1.79433e-07
1740579108880633,0,0.19,0.19,0,-6.93036e-08
1740579108901000,0,0.19,0.19,0,1.17513e-08
1740579108920604,0,0.19,0.19,0,5.8915e-08
1740579108940729,0,0.19,0.19,0,7.59752e-08
1740579108960654,0,0.19,0.19,0,7.12373e-08
1740579108980585,0,0.19,0.19,0,5.41201e-08
1740579109000809,0,0.19,0.19,0,3.28491e-08
1740579109020539,0,0.19,0.19,0,1.32815e-08
1740579109040933,0,0.19,0.19,0,-1.34053e-09
1740579109061020,0,0.19,0.19,0,-1.00205e-08
1740579109080666,0,0.19,0.19,0,-1.33341e-08
1740579109100569,0,0.19,0.19,0,-1.27035e-08
1740579109120963,0,0.19,0.19,0,-9.7856e-09
1740579109140822,0,0.19,0.19,0,-6.04986e-09
1740579109160790,0,0.19,0.19,0,-2.55849e-09
1740579109181007,0,0.19,0.19,0,8.73915e-11
1740579109200601,0,0.19,0.19,0,1.68857e-09
1740579109220682,0,0.19,0.19,0,2.33144e-09
1740579109240651,0,0.19,0.19,0,2.2599e-09
1740579109260833,0,0.19,0.19,0,1.76558e-09
1740579109280643,0,0.19,0.19,0,1.11118e-09
1740579109300718,0,0.19,0.19,0,4.89301e-10
1740579109320867,0,0.19,0.19,0,1.1309e-11
1740579109340618,0,0.19,0.19,0,-2.83365e-10
1740579109360506,0,0.19,0.19,0,-4.07143e-10
1740579109380547,0,0.19,0.19,0,-4.01697e-10
1740579109400496,0,0.19,0.19,0,-3.18282e-10
1740579109420702,0,0.19,0.19,0,-2.03797e-10
1740579109440809,0,0.19,0.19,0,-9.31299e-11
1740579109460604,0,0.19,0.19,0,-6.86097e-12
1740579109480610,0,0.19,0.19,0,4.7283e-11
1740579109500668,0,0.19,0.19,0,7.09797e-11
1740579109520561,0,0.19,0.19,0,7.13257e-11
1740579109540504,0,0.19,0.19,0,5.73175e-11
1740579109560485,0,0.19,0.19,0,3.73208e-11
1740579109580520,0,0.19,0.19,0,1.7647e-11
1740579109601044,0,0.19,0.19,0,2.09319e-12
1740579109620739,0,0.19,0.19,0,-7.8394e-12
1740579109640805,0,0.19,0.19,0,-1.23529e-11
1740579109660553,0,0.19,0.19,0,-1.26514e-11
1740579109680619,0,0.19,0.19,0,-1.03117e-11
1740579109700546,0,0.19,0.19,0,-6.82463e-12
1740579109720608,0,0.19,0.19,0,-3.33076e-12
1740579109740649,0,0.19,0.19,0,-5.29306e-13
1740579109761085,0,0.19,0.19,0,1.29005e-12
1740579109781102,0,0.19,0.19,0,2.14587e-12
1740579109800739,0,0.19,0.19,0,2.24162e-12
1740579109820731,0,0.19,0.19,0,1.8533e-12
1740579109840844,0,0.18,0.189898,-0.00509098,-5.18393e-05
1740579109860733,0,0.19,0.18949,-0.0203848,-0.000466963
1740579109880698,0,0.19,0.188821,-0.0334792,-0.00197982
1740579109900614,0,0.19,0.188236,-0.0292473,-0.00530526
1740579109920564,0,0.19,0.187987,-0.0124425,-0.0101851
1740579109940713,0,0.18,0.187991,0.000184774,-0.0150608
1740579109961097,0,0.18,0.187841,-0.00747964,-0.0181081
1740579109980815,0,0.18,0.187141,-0.0350296,-0.0188825
1740579110000636,0,0.19,0.185955,-0.0593029,-0.0189827
1740579110020724,0,0.18,0.184741,-0.0606649,-0.0208404
1740579110040750,0,0.18,0.183773,-0.0484191,-0.0256371
1740579110060602,0,0.19,0.183057,-0.0357829,-0.0323827
1740579110080573,0,0.19,0.182789,-0.0134028,-0.0386565
1740579110100618,0,0.19,0.183243,0.0226788,-0.0416402
1740579110120737,0,0.19,0.184382,0.0569843,-0.0387172
1740579110141112,0,0.19,0.185913,0.0765182,-0.0282354
1740579110161024,0,0.19,0.187494,0.0790723,-0.0105031
1740579110180555,0,0.19,0.188861,0.068336,0.0118334
1740579110200586,0,0.19,0.189865,0.0501938,0.034488
1740579110220721,0,0.19,0.190471,0.0303,0.052918
1740579110241104,0,0.19,0.190727,0.0128053,0.0636973
1740579110260493,0,0.19,0.190726,-2.5332e-05,0.0653666
1740579110280907,0,0.19,0.190574,-0.00762045,0.0585748
1740579110300982,0,0.19,0.190362,-0.0105977,0.0456174
1740579110320570,0,0.19,0.190158,-0.01022,0.0296356
1740579110340837,0,0.19,0.19,-0.00789836,0.0137711
1740579110360982,0,0.19,0.189902,-0.00487342,0.000503388
1740579110380790,0,0.19,0.189862,-0.00203326,-0.00871175
1740579110400666,0,0.19,0.189864,0.000120699,-0.0134929
1740579110421119,0,0.19,0.189892,0.00142008,-0.014342
1740579110440950,0,0.19,0.189931,0.00193641,-0.0123194
1740579110460546,0,0.19,0.189968,0.00186786,-0.00869085
1740579110480587,0,0.19,0.189998,0.0014551,-0.0046312
1740579110501103,0,0.19,0.190016,0.000913441,-0.00103046
1740579110520786,0,0.19,0.190024,0.000400096,0.0015879
1740579110540539,0,0.19,0.190024,6.70552e-06,0.00305242
1740579110560595,0,0.19,0.190019,-0.000235438,0.00346517
1740579110580540,0,0.19,0.190013,-0.000336021,0.00309465
1740579110600535,0,0.19,0.190006,-0.000330806,0.00227035
1740579110620947,0,0.19,0.190001,-0.000261515,0.00129945
1740579110640896,0,0.19,0.189997,-0.000166893,0.00041494
1740579110660773,0,0.19,0.189996,-7.59959e-05,-0.00024475
1740579110680881,0,0.19,0.189996,-5.21541e-06,-0.000630868
1740579110700635,0,0.19,0.189997,3.94881e-05,-0.000763621
1740579110720538,0,0.19,0.189998,5.88596e-05,-0.000704918
1740579110740611,0,0.19,0.189999,5.88596e-05,-0.000532207
1740579110760757,0,0.19,0.19,4.69387e-05,-0.00031818
1740579110781041,0,0.19,0.19,3.05474e-05,-0.00011833
1740579110800720,0,0.19,0.190001,1.41561e-05,3.38747e-05
1740579110820988,0,0.19,0.190001,2.23517e-06,0.000125858
1740579110840709,0,0.19,0.190001,-6.70552e-06,0.000161107
1740579110860599,0,0.19,0.19,-1.04308e-05,0.00015286
1740579110881021,0,0.19,0.19,-1.04308e-05,0.000118098
1740579110900669,0,0.19,0.19,-8.19564e-06,7.29467e-05
1740579110920542,0,0.19,0.19,-5.96046e-06,2.98442e-05
1740579110940627,0,0.19,0.19,-2.23517e-06,-3.58999e-06
1740579110960846,0,0.19,0.19,-7.45058e-07,-2.43294e-05
1740579110980520,0,0.19,0.19,7.45058e-07,-3.29029e-05
1740579111000563,0,0.19,0.19,2.23517e-06,-3.20236e-05
1740579111020640,0,0.19,0.19,1.49012e-06,-2.52603e-05
1740579111040824,0,0.19,0.19,1.49012e-06,-1.60441e-05
1740579111060542,0,0.19,0.19,1.49012e-06,-7.0532e-06
1740579111080665,0,0.19,0.19,0,5.06426e-08
1740579111100574,0,0.19,0.19,7.45058e-07,4.57143e-06
1740579111120595,0,0.19,0.19,-7.45058e-07,6.56546e-06
1740579111140720,0,0.19,0.19,0,6.55907e-06
1740579111161035,0,0.19,0.19,-7.45058e-07,5.27364e-06
1740579111180575,0,0.18,0.189898,-0.00509098,-4.84183e-05
1740579111200705,0,0.19,0.18949,-0.0203848,-0.000465389
1740579111220868,0,0.18,0.188719,-0.0385702,-0.00203155
1740579111240668,0,0.18,0.187625,-0.054723,-0.00582489
1740579111260537,0,0.18,0.186197,-0.0713982,-0.012685
1740579111281054,0,0.19,0.18464,-0.077834,-0.0227623
1740579111300757,0,0.18,0.183395,-0.0622638,-0.0351124
1740579111320785,0,0.18,0.182635,-0.0379652,-0.0474026
1740579111340517,0,0.19,0.182251,-0.019227,-0.0564611
1740579111360524,0,0.19,0.182332,0.00406727,-0.0595856
1740579111380533,0,0.19,0.183082,0.0375099,-0.0553131
1740579111400613,0,0.19,0.184431,0.0674121,-0.0432793
1740579111420827,0,0.19,0.186076,0.082273,-0.0241554
1740579111440590,0,0.19,0.187694,0.0808798,-9.079e-06
1740579111460850,0,0.19,0.189042,0.0674032,0.0256344
1740579111480671,0,0.19,0.189998,0.0477903,0.0484941
1740579111500657,0,0.19,0.190547,0.0274897,0.064697
1740579111520561,0,0.19,0.190754,0.0103123,0.0718316
1740579111540868,0,0.19,0.190717,-0.00182241,0.0694837
1740579111560494,0,0.19,0.190545,-0.00863075,0.0591455
1740579111580516,0,0.18,0.190224,-0.0160158,0.04358
1740579111600623,0,0.18,0.189513,-0.0355378,0.0257443
1740579111620597,0,0.18,0.188185,-0.0664301,0.00758321
1740579111640708,0,0.18,0.186333,-0.0925735,-0.0105117
1740579111660788,0,0.18,0.184289,-0.102229,-0.0289825
1740579111680643,0,0.18,0.18239,-0.0949197,-0.0477142
1740579111700638,0,0.19,0.180977,-0.0706717,-0.0651581
1740579111720662,0,0.18,0.180356,-0.0310607,-0.0784201
1740579111740787,0,0.18,0.180469,0.00568405,-0.0841298
1740579111760573,0,0.19,0.180983,0.0256769,-0.0799083
1740579111780555,0,0.19,0.181826,0.042171,-0.0656806
1740579111800594,0,0.18,0.183018,0.0595853,-0.0436796
1740579111820653,0,0.18,0.184168,0.0574805,-0.017437
1740579111840505,0,0.18,0.184747,0.0289395,0.0088037
1740579111860514,0,0.18,0.184572,-0.00872239,0.0302279
1740579111880576,0,0.19,0.183903,-0.0334673,0.0423846
1740579111900639,0,0.19,0.183329,-0.0286952,0.0430876
1740579111920547,0,0.19,0.18339,0.00304654,0.0339856
1740579111940676,0,0.19,0.184202,0.0406124,0.0203741
1740579111960627,0,0.18,0.185432,0.0614963,0.00890304
1740579111980572,0,0.18,0.186438,0.0502869,0.00431566
1740579112001004,0,0.18,0.186662,0.0111952,0.00707803
1740579112020638,0,0.18,0.185998,-0.0331759,0.0133256
1740579112040571,0,0.18,0.184708,-0.0644863,0.0172048
1740579112061505,0,0.18,0.183165,-0.0771575,0.0140978
1740579112080558,0,0.19,0.181801,-0.0682063,0.00281489
1740579112100836,0,0.18,0.181038,-0.0381671,-0.0140211
1740579112120732,0,0.19,0.181026,-0.000607222,-0.0311094
1740579112141217,0,0.19,0.181714,0.0344299,-0.0425577
1740579112160822,0,0.19,0.183039,0.0662416,-0.0440138
1740579112180899,0,0.19,0.184795,0.0877857,-0.0339036
1740579112201037,0,0.19,0.186645,0.0925042,-0.0136452
1740579112220581,0,0.18,0.188189,0.0772059,0.0127623
1740579112240905,0,0.19,0.189037,0.0424229,0.0395623
1740579112260699,0,0.19,0.189172,0.0067547,0.0605354
1740579112280651,0,0.19,0.188978,-0.0097394,0.0708585
1740579112300766,0,0.19,0.188801,-0.0088498,0.0689523
1740579112320692,0,0.19,0.188777,-0.00119507,0.0570205
1740579112340543,0,0.18,0.188813,0.00179484,0.0397285
1740579112360573,0,0.19,0.188652,-0.00805706,0.0218889
1740579112380680,0,0.18,0.188166,-0.0242665,0.00655084
1740579112400567,0,0.18,0.187338,-0.0414073,-0.00556499
1740579112421272,0,0.18,0.186119,-0.0609554,-0.0154201
1740579112440695,0,0.18,0.184597,-0.0760943,-0.0246248
1740579112460946,0,0.18,0.183012,-0.0792518,-0.0344579
1740579112480546,0,0.18,0.181597,-0.070747,-0.0450788
1740579112500624,0,0.18,0.180505,-0.0546098,-0.0552884
1740579112520695,0,0.19,0.179892,-0.030636,-0.0629704
1740579112540860,0,0.19,0.180038,0.00731498,-0.0657339
1740579112560864,0,0.19,0.181129,0.054504,-0.0613125
1740579112580875,0,0.19,0.182981,0.0926383,-0.0479999
1740579112600934,0,0.19,0.185169,0.109405,-0.0255586
1740579112620512,0,0.18,0.187165,0.099799,0.00380488
1740579112640628,0,0.18,0.188364,0.0599071,0.0351867
1740579112660650,0,0.18,0.188362,-6.70552e-05,0.0617461
